Location,Gear,Treatment,Cage,Bag,Oyster,Height,Length,Width,Cup.ratio,Shell.shape,,,,,,Sum actual dimen.,3:2:1 exp. height,3:2:1 exp. length,3:2:1 exp. width,Chi-square
Inside,BP,BPi,,,1,41,29,11,0.27,0.62,,,,,,81,40.5,27,13.5,0.6172839506
Inside,BP,BPi,,,2,53,37,15,0.28,0.48,,,,,,105,52.5,35,17.5,0.4761904762
Inside,BP,BPi,,,3,50,24,15,0.30,1.76,,,,,,89,44.5,29.66666667,14.83333333,1.764044944
Inside,BP,BPi,,,4,55,30,15,0.27,1.00,,,,,,100,50,33.33333333,16.66666667,1
Inside,BP,BPi,,,5,48,31,12,0.25,0.81,,,,,,91,45.5,30.33333333,15.16666667,0.8131868132
Inside,BP,BPi,,,6,51,30,15,0.29,0.38,,,,,,96,48,32,16,0.375
Inside,BP,BPi,,,7,35,29,11,0.31,0.99,,,,,,75,37.5,25,12.5,0.9866666667
Inside,BP,BPi,,,8,34,22,10,0.29,0.12,,,,,,66,33,22,11,0.1212121212
Inside,BP,BPi,,,9,58,39,16,0.28,0.51,,,,,,113,56.5,37.66666667,18.83333333,0.5132743363
Inside,BP,BPi,,,10,52,40,15,0.29,1.02,,,,,,107,53.5,35.66666667,17.83333333,1.018691589
Inside,BP,BPi,,,11,49,24,12,0.24,1.99,,,,,,85,42.5,28.33333333,14.16666667,1.988235294
Inside,BP,BPi,,,12,28,20,8,0.29,0.29,,,,,,56,28,18.66666667,9.333333333,0.2857142857
Inside,BP,BPi,,,13,41,32,15,0.37,0.45,,,,,,88,44,29.33333333,14.66666667,0.4545454545
Inside,BP,BPi,,,14,32,25,15,0.47,1.24,,,,,,72,36,24,12,1.236111111
Inside,BP,BPi,,,15,70,41,15,0.21,2.52,,,,,,126,63,42,21,2.515873016
Inside,BP,BPi,,,16,55,43,16,0.29,1.20,,,,,,114,57,38,19,1.201754386
Inside,BP,BPi,,,17,38,27,10,0.26,0.67,,,,,,75,37.5,25,12.5,0.6666666667
Inside,BP,BPi,,,18,40,30,11,0.28,0.80,,,,,,81,40.5,27,13.5,0.8024691358
Inside,BP,BPi,,,19,44,29,12,0.27,0.40,,,,,,85,42.5,28.33333333,14.16666667,0.4
Inside,BP,BPi,,,20,50,30,11,0.22,1.59,,,,,,91,45.5,30.33333333,15.16666667,1.593406593
Inside,BP,BPi,,,21,53,36,15,0.28,0.38,,,,,,104,52,34.66666667,17.33333333,0.3846153846
Inside,BP,BPi,,,22,58,37,14,0.24,1.19,,,,,,109,54.5,36.33333333,18.16666667,1.19266055
Inside,BP,BPi,,,23,42,34,14,0.33,0.80,,,,,,90,45,30,15,0.8
Inside,BP,BPi,,,24,45,29,13,0.29,0.21,,,,,,87,43.5,29,14.5,0.2068965517
Inside,BP,BPi,,,25,65,39,16,0.25,1.24,,,,,,120,60,40,20,1.241666667
Inside,BP,BPi,,,26,28,25,9,0.32,1.37,,,,,,62,31,20.66666667,10.33333333,1.370967742
Inside,BP,BPi,,,27,34,26,9,0.26,0.94,,,,,,69,34.5,23,11.5,0.9420289855
Inside,BP,BPi,,,28,46,40,12,0.26,2.98,,,,,,98,49,32.66666667,16.33333333,2.979591837
Inside,BP,BPi,,,29,42,34,13,0.31,1.00,,,,,,89,44.5,29.66666667,14.83333333,1
Inside,BP,BPi,,,30,46,29,9,0.20,2.20,,,,,,84,42,28,14,2.202380952
Inside,BP,BPi,,,31,70,43,11,0.16,5.62,,,,,,124,62,41.33333333,20.66666667,5.620967742
Inside,BP,BPi,,,32,37,23,10,0.27,0.36,,,,,,70,35,23.33333333,11.66666667,0.3571428571
Inside,BP,BPi,,,33,53,39,13,0.25,1.62,,,,,,105,52.5,35,17.5,1.619047619
Inside,BP,BPi,,,34,56,37,14,0.25,0.99,,,,,,107,53.5,35.66666667,17.83333333,0.9906542056
Inside,BP,BPi,,,35,57,31,11,0.19,3.09,,,,,,99,49.5,33,16.5,3.090909091
Inside,BP,BPi,,,36,38,26,9,0.24,1.00,,,,,,73,36.5,24.33333333,12.16666667,1
Inside,BP,BPi,,,37,37,22,9,0.24,0.76,,,,,,68,34,22.66666667,11.33333333,0.7647058824
Inside,BP,BPi,,,38,34,27,10,0.29,0.82,,,,,,71,35.5,23.66666667,11.83333333,0.8169014085
Inside,BP,BPi,,,39,60,35,18,0.30,0.44,,,,,,113,56.5,37.66666667,18.83333333,0.4424778761
Inside,BP,BPi,,,40,47,25,12,0.26,1.20,,,,,,84,42,28,14,1.202380952
Inside,BP,BPi,,,41,47,23,12,0.26,1.77,,,,,,82,41,27.33333333,13.66666667,1.768292683
Inside,BP,BPi,,,42,53,32,16,0.30,0.25,,,,,,101,50.5,33.66666667,16.83333333,0.2475247525
Inside,BP,BPi,,,43,49,30,12,0.24,0.93,,,,,,91,45.5,30.33333333,15.16666667,0.9340659341
Inside,BP,BPi,,,44,61,36,16,0.26,0.86,,,,,,113,56.5,37.66666667,18.83333333,0.8584070796
Inside,BP,BPi,,,45,47,35,13,0.28,0.86,,,,,,95,47.5,31.66666667,15.83333333,0.8631578947
Inside,BP,BPi,,,46,67,48,19,0.28,0.75,,,,,,134,67,44.66666667,22.33333333,0.7462686567
Inside,BP,BPi,,,47,38,20,17,0.45,2.63,,,,,,75,37.5,25,12.5,2.626666667
Inside,BP,BPi,,,48,38,29,9,0.24,1.59,,,,,,76,38,25.33333333,12.66666667,1.592105263
Inside,BP,BPi,,,49,55,41,20,0.36,0.32,,,,,,116,58,38.66666667,19.33333333,0.3189655172
Inside,BP,BPi,,,50,40,29,10,0.25,1.04,,,,,,79,39.5,26.33333333,13.16666667,1.037974684
Inside,BP,BPi,,,51,66,40,17,0.26,0.95,,,,,,123,61.5,41,20.5,0.9512195122
Inside,BP,BPi,,,52,35,24,8,0.23,1.09,,,,,,67,33.5,22.33333333,11.16666667,1.089552239
Inside,BP,BPi,,,53,65,36,14,0.22,2.51,,,,,,115,57.5,38.33333333,19.16666667,2.513043478
Inside,BP,BPi,,,54,46,36,14,0.30,0.83,,,,,,96,48,32,16,0.8333333333
Inside,BP,BPi,,,55,55,34,13,0.24,1.25,,,,,,102,51,34,17,1.254901961
Inside,BP,BPi,,,56,42,27,11,0.26,0.51,,,,,,80,40,26.66666667,13.33333333,0.5125
Inside,BP,BPi,,,57,62,39,16,0.26,0.84,,,,,,117,58.5,39,19.5,0.8376068376
Inside,BP,BPi,,,58,54,32,13,0.24,1.18,,,,,,99,49.5,33,16.5,1.181818182
Inside,BP,BPi,,,59,27,20,9,0.33,0.14,,,,,,56,28,18.66666667,9.333333333,0.1428571429
Inside,BP,BPi,,,60,45,34,13,0.29,0.74,,,,,,92,46,30.66666667,15.33333333,0.7391304348
Inside,BP,BPi,,,61,38,24,7,0.18,2.16,,,,,,69,34.5,23,11.5,2.15942029
Inside,BP,BPi,,,62,35,25,10,0.29,0.36,,,,,,70,35,23.33333333,11.66666667,0.3571428571
Inside,BP,BPi,,,63,57,30,14,0.25,1.71,,,,,,101,50.5,33.66666667,16.83333333,1.712871287
Inside,BP,BPi,,,64,44,32,13,0.30,0.42,,,,,,89,44.5,29.66666667,14.83333333,0.4157303371
Inside,BP,BPi,,,65,25,20,7,0.28,0.77,,,,,,52,26,17.33333333,8.666666667,0.7692307692
Inside,BP,BPi,,,66,30,23,8,0.27,0.82,,,,,,61,30.5,20.33333333,10.16666667,0.8196721311
Inside,BP,BPi,,,67,50,39,14,0.28,1.26,,,,,,103,51.5,34.33333333,17.16666667,1.262135922
Inside,BP,BPi,,,68,45,33,16,0.36,0.18,,,,,,94,47,31.33333333,15.66666667,0.1808510638
Inside,BP,BPi,,,69,51,29,14,0.27,0.69,,,,,,94,47,31.33333333,15.66666667,0.6914893617
Inside,BP,BPi,,,70,32,23,8,0.25,0.79,,,,,,63,31.5,21,10.5,0.7936507937
Inside,BP,BPi,,,71,29,19,8,0.28,0.23,,,,,,56,28,18.66666667,9.333333333,0.2321428571
Inside,BP,BPi,,,72,55,34,11,0.20,2.44,,,,,,100,50,33.33333333,16.66666667,2.44
Inside,BP,BPi,,,73,52,34,14,0.27,0.52,,,,,,100,50,33.33333333,16.66666667,0.52
Inside,BP,BPi,,,74,47,35,11,0.23,1.83,,,,,,93,46.5,31,15.5,1.827956989
Inside,BP,BPi,,,75,35,28,9,0.26,1.44,,,,,,72,36,24,12,1.444444444
Inside,BP,BPi,,,76,60,36,13,0.22,2.03,,,,,,109,54.5,36.33333333,18.16666667,2.027522936
Inside,BP,BPi,,,77,42,29,10,0.24,1.11,,,,,,81,40.5,27,13.5,1.111111111
Inside,BP,BPi,,,78,64,36,18,0.28,0.85,,,,,,118,59,39.33333333,19.66666667,0.8474576271
Inside,BP,BPi,,,79,60,26,14,0.23,4.04,,,,,,100,50,33.33333333,16.66666667,4.04
Inside,BP,BPi,,,80,54,35,13,0.24,1.15,,,,,,102,51,34,17,1.147058824
Inside,BP,BPi,,,81,60,32,17,0.28,1.15,,,,,,109,54.5,36.33333333,18.16666667,1.146788991
Inside,BP,BPi,,,82,56,32,16,0.29,0.62,,,,,,104,52,34.66666667,17.33333333,0.6153846154
Inside,BP,BPi,,,83,29,25,9,0.31,1.17,,,,,,63,31.5,21,10.5,1.174603175
Inside,BP,BPi,,,84,37,25,8,0.22,1.39,,,,,,70,35,23.33333333,11.66666667,1.385714286
Inside,BP,BPi,,,85,37,28,10,0.27,0.87,,,,,,75,37.5,25,12.5,0.8666666667
Inside,BP,BPi,,,86,35,25,10,0.29,0.36,,,,,,70,35,23.33333333,11.66666667,0.3571428571
Inside,BP,BPi,,,87,50,38,15,0.30,0.71,,,,,,103,51.5,34.33333333,17.16666667,0.7087378641
Inside,BP,BPi,,,88,31,19,9,0.29,0.17,,,,,,59,29.5,19.66666667,9.833333333,0.1694915254
Inside,BP,BPi,,,89,35,23,9,0.26,0.51,,,,,,67,33.5,22.33333333,11.16666667,0.5074626866
Inside,BP,BPi,,,90,39,30,12,0.31,0.56,,,,,,81,40.5,27,13.5,0.5555555556
Inside,BP,BPi,,,91,30,25,9,0.30,1.02,,,,,,64,32,21.33333333,10.66666667,1.015625
Inside,BP,BPi,,,92,50,37,11,0.22,2.34,,,,,,98,49,32.66666667,16.33333333,2.336734694
Inside,BP,BPi,,,93,40,24,10,0.25,0.70,,,,,,74,37,24.66666667,12.33333333,0.7027027027
Inside,BP,BPi,,,94,25,19,6,0.24,0.98,,,,,,50,25,16.66666667,8.333333333,0.98
Inside,BP,BPi,,,95,27,21,7,0.26,0.91,,,,,,55,27.5,18.33333333,9.166666667,0.9090909091
Inside,BP,BPi,,,96,48,40,12,0.25,2.72,,,,,,100,50,33.33333333,16.66666667,2.72
Outside,BP,BPo,,,97,50,34,11,0.22,1.78,,,,,,95,47.5,31.66666667,15.83333333,1.778947368
Outside,BP,BPo,,,98,31,27,8,0.26,2.08,,,,,,66,33,22,11,2.075757576
Outside,BP,BPo,,,99,50,27,11,0.22,1.92,,,,,,88,44,29.33333333,14.66666667,1.920454545
Outside,BP,BPo,,,100,44,30,8,0.18,2.83,,,,,,82,41,27.33333333,13.66666667,2.829268293
Outside,BP,BPo,,,101,52,38,19,0.37,0.23,,,,,,109,54.5,36.33333333,18.16666667,0.2293577982
Outside,BP,BPo,,,102,55,35,11,0.20,2.48,,,,,,101,50.5,33.66666667,16.83333333,2.475247525
Outside,BP,BPo,,,103,52,33,14,0.27,0.51,,,,,,99,49.5,33,16.5,0.5050505051
Outside,BP,BPo,,,104,45,29,8,0.18,2.84,,,,,,82,41,27.33333333,13.66666667,2.841463415
Outside,BP,BPo,,,105,64,36,14,0.22,2.28,,,,,,114,57,38,19,2.280701754
Outside,BP,BPo,,,106,45,30,10,0.22,1.47,,,,,,85,42.5,28.33333333,14.16666667,1.470588235
Outside,BP,BPo,,,107,28,29,10,0.36,3.01,,,,,,67,33.5,22.33333333,11.16666667,3.014925373
Outside,BP,BPo,,,108,40,29,8,0.20,2.31,,,,,,77,38.5,25.66666667,12.83333333,2.311688312
Outside,BP,BPo,,,109,39,26,8,0.21,1.71,,,,,,73,36.5,24.33333333,12.16666667,1.712328767
Outside,BP,BPo,,,110,40,26,10,0.25,0.68,,,,,,76,38,25.33333333,12.66666667,0.6842105263
Outside,BP,BPo,,,111,42,27,12,0.29,0.22,,,,,,81,40.5,27,13.5,0.2222222222
Outside,BP,BPo,,,112,37,26,8,0.22,1.54,,,,,,71,35.5,23.66666667,11.83333333,1.535211268
Outside,BP,BPo,,,113,41,30,12,0.29,0.45,,,,,,83,41.5,27.66666667,13.83333333,0.4457831325
Outside,BP,BPo,,,114,40,24,8,0.20,1.78,,,,,,72,36,24,12,1.777777778
Outside,BP,BPo,,,115,38,24,8,0.21,1.43,,,,,,70,35,23.33333333,11.66666667,1.428571429
Outside,BP,BPo,,,116,34,38,11,0.32,5.80,,,,,,83,41.5,27.66666667,13.83333333,5.795180723
Outside,BP,BPo,,,117,65,41,14,0.22,2.24,,,,,,120,60,40,20,2.241666667
Outside,BP,BPo,,,118,37,26,9,0.24,0.94,,,,,,72,36,24,12,0.9444444444
Outside,BP,BPo,,,119,48,32,9,0.19,2.75,,,,,,89,44.5,29.66666667,14.83333333,2.752808989
Outside,BP,BPo,,,120,40,30,10,0.25,1.25,,,,,,80,40,26.66666667,13.33333333,1.25
Outside,BP,BPo,,,121,42,27,15,0.36,0.11,,,,,,84,42,28,14,0.1071428571
Outside,BP,BPo,,,122,42,27,9,0.21,1.50,,,,,,78,39,26,13,1.5
Outside,BP,BPo,,,123,37,21,9,0.24,0.87,,,,,,67,33.5,22.33333333,11.16666667,0.8656716418
Outside,BP,BPo,,,124,54,36,13,0.24,1.21,,,,,,103,51.5,34.33333333,17.16666667,1.213592233
Outside,BP,BPo,,,125,28,28,10,0.36,2.48,,,,,,66,33,22,11,2.484848485
Outside,BP,BPo,,,126,39,28,8,0.21,2.04,,,,,,75,37.5,25,12.5,2.04
Outside,BP,BPo,,,127,41,27,10,0.24,0.83,,,,,,78,39,26,13,0.8333333333
Outside,BP,BPo,,,128,51,35,12,0.24,1.40,,,,,,98,49,32.66666667,16.33333333,1.397959184
Outside,BP,BPo,,,129,39,27,8,0.21,1.85,,,,,,74,37,24.66666667,12.33333333,1.851351351
Outside,BP,BPo,,,130,65,40,15,0.23,1.67,,,,,,120,60,40,20,1.666666667
Outside,BP,BPo,,,131,57,31,19,0.33,0.92,,,,,,107,53.5,35.66666667,17.83333333,0.9158878505
Outside,BP,BPo,,,132,58,35,15,0.26,0.82,,,,,,108,54,36,18,0.8240740741
Outside,BP,BPo,,,133,45,26,10,0.22,1.44,,,,,,81,40.5,27,13.5,1.444444444
Outside,BP,BPo,,,134,62,40,15,0.24,1.27,,,,,,117,58.5,39,19.5,1.273504274
Outside,BP,BPo,,,135,36,25,7,0.19,2.01,,,,,,68,34,22.66666667,11.33333333,2.014705882
Outside,BP,BPo,,,136,41,33,14,0.34,0.69,,,,,,88,44,29.33333333,14.66666667,0.6931818182
Outside,BP,BPo,,,137,52,41,13,0.25,2.16,,,,,,106,53,35.33333333,17.66666667,2.160377358
Outside,BP,BPo,,,138,44,27,9,0.20,1.81,,,,,,80,40,26.66666667,13.33333333,1.8125
Outside,BP,BPo,,,139,62,36,17,0.27,0.74,,,,,,115,57.5,38.33333333,19.16666667,0.7391304348
Outside,BP,BPo,,,140,40,28,13,0.33,0.06,,,,,,81,40.5,27,13.5,0.06172839506
Outside,BP,BPo,,,141,40,25,14,0.35,0.13,,,,,,79,39.5,26.33333333,13.16666667,0.1265822785
Outside,BP,BPo,,,142,47,30,11,0.23,1.14,,,,,,88,44,29.33333333,14.66666667,1.136363636
Outside,BP,BPo,,,143,36,25,9,0.25,0.76,,,,,,70,35,23.33333333,11.66666667,0.7571428571
Outside,BP,BPo,,,144,49,32,15,0.31,0.08,,,,,,96,48,32,16,0.08333333333
Outside,BP,BPo,,,145,52,38,14,0.27,0.96,,,,,,104,52,34.66666667,17.33333333,0.9615384615
Outside,BP,BPo,,,146,44,30,11,0.25,0.86,,,,,,85,42.5,28.33333333,14.16666667,0.8588235294
Outside,BP,BPo,,,147,37,25,9,0.24,0.82,,,,,,71,35.5,23.66666667,11.83333333,0.8169014085
Outside,BP,BPo,,,148,59,31,12,0.20,2.99,,,,,,102,51,34,17,2.990196078
Outside,BP,BPo,,,149,52,34,12,0.23,1.39,,,,,,98,49,32.66666667,16.33333333,1.387755102
Outside,BP,BPo,,,150,53,33,12,0.23,1.48,,,,,,98,49,32.66666667,16.33333333,1.479591837
Outside,BP,BPo,,,151,32,23,8,0.25,0.79,,,,,,63,31.5,21,10.5,0.7936507937
Outside,BP,BPo,,,152,42,29,11,0.26,0.65,,,,,,82,41,27.33333333,13.66666667,0.6463414634
Outside,BP,BPo,,,153,60,34,13,0.22,2.18,,,,,,107,53.5,35.66666667,17.83333333,2.177570093
Outside,BP,BPo,,,154,59,40,15,0.25,1.02,,,,,,114,57,38,19,1.01754386
Outside,BP,BPo,,,155,47,30,10,0.21,1.71,,,,,,87,43.5,29,14.5,1.712643678
Outside,BP,BPo,,,156,52,32,10,0.19,2.60,,,,,,94,47,31.33333333,15.66666667,2.595744681
Outside,BP,BPo,,,157,54,29,12,0.22,2.04,,,,,,95,47.5,31.66666667,15.83333333,2.042105263
Outside,BP,BPo,,,158,51,39,12,0.24,2.21,,,,,,102,51,34,17,2.205882353
Outside,BP,BPo,,,159,66,37,15,0.23,2.08,,,,,,118,59,39.33333333,19.66666667,2.076271186
Outside,BP,BPo,,,160,62,33,12,0.19,3.46,,,,,,107,53.5,35.66666667,17.83333333,3.457943925
Outside,BP,BPo,,,161,48,27,11,0.23,1.45,,,,,,86,43,28.66666667,14.33333333,1.453488372
Outside,BP,BPo,,,162,52,36,13,0.25,1.08,,,,,,101,50.5,33.66666667,16.83333333,1.079207921
Outside,BP,BPo,,,163,43,26,10,0.23,1.08,,,,,,79,39.5,26.33333333,13.16666667,1.075949367
Outside,BP,BPo,,,164,43,21,10,0.23,1.96,,,,,,74,37,24.66666667,12.33333333,1.959459459
Outside,BP,BPo,,,165,34,21,8,0.24,0.79,,,,,,63,31.5,21,10.5,0.7936507937
Outside,BP,BPo,,,166,33,21,7,0.21,1.21,,,,,,61,30.5,20.33333333,10.16666667,1.213114754
Outside,BP,BPo,,,167,27,20,5,0.19,2.00,,,,,,52,26,17.33333333,8.666666667,2
Outside,BP,BPo,,,168,38,28,12,0.32,0.26,,,,,,78,39,26,13,0.2564102564
Outside,BP,BPo,,,169,24,30,10,0.42,5.56,,,,,,64,32,21.33333333,10.66666667,5.5625
Outside,BP,BPo,,,170,25,22,6,0.24,2.06,,,,,,53,26.5,17.66666667,8.833333333,2.056603774
Outside,BP,BPo,,,171,26,21,7,0.27,0.98,,,,,,54,27,18,9,0.9814814815
Outside,BP,BPo,,,172,44,32,12,0.27,0.73,,,,,,88,44,29.33333333,14.66666667,0.7272727273
Outside,BP,BPo,,,173,68,34,17,0.25,2.43,,,,,,119,59.5,39.66666667,19.83333333,2.428571429
Outside,BP,BPo,,,174,68,39,16,0.24,1.77,,,,,,123,61.5,41,20.5,1.772357724
Outside,BP,BPo,,,175,32,21,9,0.28,0.21,,,,,,62,31,20.66666667,10.33333333,0.2096774194
Outside,BP,BPo,,,176,42,31,10,0.24,1.47,,,,,,83,41.5,27.66666667,13.83333333,1.469879518
Outside,BP,BPo,,,177,37,30,10,0.27,1.42,,,,,,77,38.5,25.66666667,12.83333333,1.415584416
Outside,BP,BPo,,,178,38,26,11,0.29,0.23,,,,,,75,37.5,25,12.5,0.2266666667
Outside,BP,BPo,,,179,50,37,17,0.34,0.24,,,,,,104,52,34.66666667,17.33333333,0.2403846154
Outside,BP,BPo,,,180,40,28,11,0.28,0.47,,,,,,79,39.5,26.33333333,13.16666667,0.4683544304
Outside,BP,BPo,,,181,30,21,8,0.27,0.44,,,,,,59,29.5,19.66666667,9.833333333,0.4406779661
Outside,BP,BPo,,,182,47,29,12,0.26,0.69,,,,,,88,44,29.33333333,14.66666667,0.6931818182
Outside,BP,BPo,,,183,62,43,15,0.24,1.54,,,,,,120,60,40,20,1.541666667
Outside,BP,BPo,,,184,43,30,16,0.37,0.15,,,,,,89,44.5,29.66666667,14.83333333,0.1460674157
Outside,BP,BPo,,,185,52,32,13,0.25,0.88,,,,,,97,48.5,32.33333333,16.16666667,0.8762886598
Outside,BP,BPo,,,186,52,28,14,0.27,1.06,,,,,,94,47,31.33333333,15.66666667,1.063829787
Outside,BP,BPo,,,187,66,35,18,0.27,1.43,,,,,,119,59.5,39.66666667,19.83333333,1.428571429
Outside,BP,BPo,,,188,31,20,11,0.35,0.06,,,,,,62,31,20.66666667,10.33333333,0.06451612903
Outside,BP,BPo,,,189,39,22,9,0.23,1.14,,,,,,70,35,23.33333333,11.66666667,1.142857143
Outside,BP,BPo,,,190,60,35,15,0.25,1.14,,,,,,110,55,36.66666667,18.33333333,1.136363636
Outside,BP,BPo,,,191,31,24,8,0.26,1.03,,,,,,63,31.5,21,10.5,1.031746032
Outside,BP,BPo,,,192,27,24,12,0.44,1.29,,,,,,63,31.5,21,10.5,1.285714286
Inside,FB,FBi,,1,193,38,24,8,0.21,1.43,,,,,,70,35,23.33333333,11.66666667,1.428571429
Inside,FB,FBi,,1,194,44,27,11,0.25,0.74,,,,,,82,41,27.33333333,13.66666667,0.743902439
Inside,FB,FBi,,1,195,52,34,11,0.21,1.99,,,,,,97,48.5,32.33333333,16.16666667,1.989690722
Inside,FB,FBi,,1,196,54,41,12,0.22,2.71,,,,,,107,53.5,35.66666667,17.83333333,2.710280374
Inside,FB,FBi,,1,197,44,29,12,0.27,0.40,,,,,,85,42.5,28.33333333,14.16666667,0.4
Inside,FB,FBi,,1,198,29,22,12,0.41,0.46,,,,,,63,31.5,21,10.5,0.4603174603
Inside,FB,FBi,,1,199,54,44,20,0.37,0.98,,,,,,118,59,39.33333333,19.66666667,0.9830508475
Inside,FB,FBi,,1,200,46,35,12,0.26,1.31,,,,,,93,46.5,31,15.5,1.311827957
Inside,FB,FBi,,1,201,47,28,10,0.21,1.71,,,,,,85,42.5,28.33333333,14.16666667,1.705882353
Inside,FB,FBi,,1,202,67,40,18,0.27,0.78,,,,,,125,62.5,41.66666667,20.83333333,0.776
Inside,FB,FBi,,1,203,51,39,11,0.22,2.87,,,,,,101,50.5,33.66666667,16.83333333,2.871287129
Inside,FB,FBi,,1,204,57,36,13,0.23,1.55,,,,,,106,53,35.33333333,17.66666667,1.547169811
Inside,FB,FBi,,1,205,65,41,13,0.20,2.91,,,,,,119,59.5,39.66666667,19.83333333,2.907563025
Inside,FB,FBi,,1,206,57,40,20,0.35,0.08,,,,,,117,58.5,39,19.5,0.07692307692
Inside,FB,FBi,,1,207,45,37,11,0.24,2.52,,,,,,93,46.5,31,15.5,2.516129032
Inside,FB,FBi,,1,208,62,30,12,0.19,4.19,,,,,,104,52,34.66666667,17.33333333,4.192307692
Inside,FB,FBi,,1,209,53,46,20,0.38,1.72,,,,,,119,59.5,39.66666667,19.83333333,1.722689076
Inside,FB,FBi,,1,210,60,30,15,0.25,2.14,,,,,,105,52.5,35,17.5,2.142857143
Inside,FB,FBi,,1,211,47,32,11,0.23,1.29,,,,,,90,45,30,15,1.288888889
Inside,FB,FBi,,1,212,29,22,12,0.41,0.46,,,,,,63,31.5,21,10.5,0.4603174603
Inside,FB,FBi,,1,213,35,27,10,0.29,0.74,,,,,,72,36,24,12,0.7361111111
Inside,FB,FBi,,1,214,35,22,9,0.26,0.48,,,,,,66,33,22,11,0.4848484848
Inside,FB,FBi,,1,215,40,35,10,0.25,2.94,,,,,,85,42.5,28.33333333,14.16666667,2.941176471
Inside,FB,FBi,,1,216,57,35,10,0.18,3.62,,,,,,102,51,34,17,3.617647059
Inside,FB,FBi,,1,217,35,26,10,0.29,0.52,,,,,,71,35.5,23.66666667,11.83333333,0.5211267606
Inside,FB,FBi,,1,218,52,30,13,0.25,1.02,,,,,,95,47.5,31.66666667,15.83333333,1.021052632
Inside,FB,FBi,,1,219,55,36,10,0.18,3.34,,,,,,101,50.5,33.66666667,16.83333333,3.336633663
Inside,FB,FBi,,1,220,31,24,11,0.35,0.30,,,,,,66,33,22,11,0.303030303
Inside,FB,FBi,,1,221,45,35,15,0.33,0.53,,,,,,95,47.5,31.66666667,15.83333333,0.5263157895
Inside,FB,FBi,,1,222,26,21,6,0.23,1.55,,,,,,53,26.5,17.66666667,8.833333333,1.547169811
Inside,FB,FBi,,1,223,44,31,11,0.25,0.99,,,,,,86,43,28.66666667,14.33333333,0.988372093
Inside,FB,FBi,,1,224,45,32,10,0.22,1.76,,,,,,87,43.5,29,14.5,1.75862069
Inside,FB,FBi,,2,225,44,29,11,0.25,0.77,,,,,,84,42,28,14,0.7738095238
Inside,FB,FBi,,2,226,44,25,11,0.25,0.91,,,,,,80,40,26.66666667,13.33333333,0.9125
Inside,FB,FBi,,2,227,35,29,9,0.26,1.78,,,,,,73,36.5,24.33333333,12.16666667,1.780821918
Inside,FB,FBi,,2,228,43,29,12,0.28,0.35,,,,,,84,42,28,14,0.3452380952
Inside,FB,FBi,,2,229,36,27,11,0.31,0.39,,,,,,74,37,24.66666667,12.33333333,0.3918918919
Inside,FB,FBi,,2,230,37,30,11,0.30,1.03,,,,,,78,39,26,13,1.025641026
Inside,FB,FBi,,2,231,40,31,10,0.25,1.51,,,,,,81,40.5,27,13.5,1.50617284
Inside,FB,FBi,,2,232,64,32,14,0.22,3.09,,,,,,110,55,36.66666667,18.33333333,3.090909091
Inside,FB,FBi,,2,233,39,29,10,0.26,1.04,,,,,,78,39,26,13,1.038461538
Inside,FB,FBi,,2,234,57,39,14,0.25,1.25,,,,,,110,55,36.66666667,18.33333333,1.245454545
Inside,FB,FBi,,2,235,47,36,15,0.32,0.53,,,,,,98,49,32.66666667,16.33333333,0.5306122449
Inside,FB,FBi,,2,236,32,33,9,0.28,4.39,,,,,,74,37,24.66666667,12.33333333,4.391891892
Inside,FB,FBi,,2,237,50,30,15,0.30,0.26,,,,,,95,47.5,31.66666667,15.83333333,0.2631578947
Inside,FB,FBi,,2,238,51,30,14,0.27,0.56,,,,,,95,47.5,31.66666667,15.83333333,0.5578947368
Inside,FB,FBi,,2,239,24,20,6,0.25,1.36,,,,,,50,25,16.66666667,8.333333333,1.36
Inside,FB,FBi,,2,240,32,22,7,0.22,1.20,,,,,,61,30.5,20.33333333,10.16666667,1.196721311
Inside,FB,FBi,,2,241,52,30,10,0.19,2.65,,,,,,92,46,30.66666667,15.33333333,2.652173913
Inside,FB,FBi,,2,242,41,29,12,0.29,0.30,,,,,,82,41,27.33333333,13.66666667,0.3048780488
Inside,FB,FBi,,2,243,41,32,9,0.22,2.39,,,,,,82,41,27.33333333,13.66666667,2.390243902
Inside,FB,FBi,,2,244,39,29,11,0.28,0.63,,,,,,79,39.5,26.33333333,13.16666667,0.6329113924
Inside,FB,FBi,,2,245,64,39,18,0.28,0.48,,,,,,121,60.5,40.33333333,20.16666667,0.479338843
Inside,FB,FBi,,2,246,53,29,11,0.21,2.34,,,,,,93,46.5,31,15.5,2.344086022
Inside,FB,FBi,,2,247,62,47,16,0.26,1.81,,,,,,125,62.5,41.66666667,20.83333333,1.808
Inside,FB,FBi,,2,248,44,30,10,0.23,1.38,,,,,,84,42,28,14,1.380952381
Inside,FB,FBi,,2,249,54,34,14,0.26,0.71,,,,,,102,51,34,17,0.7058823529
Inside,FB,FBi,,2,250,69,40,24,0.35,0.67,,,,,,133,66.5,44.33333333,22.16666667,0.6691729323
Inside,FB,FBi,,2,251,31,25,8,0.26,1.33,,,,,,64,32,21.33333333,10.66666667,1.328125
Inside,FB,FBi,,2,252,62,37,19,0.31,0.31,,,,,,118,59,39.33333333,19.66666667,0.313559322
Inside,FB,FBi,,2,253,32,19,10,0.31,0.16,,,,,,61,30.5,20.33333333,10.16666667,0.1639344262
Inside,FB,FBi,,2,254,63,30,18,0.29,2.35,,,,,,111,55.5,37,18.5,2.351351351
Inside,FB,FBi,,2,255,40,29,10,0.25,1.04,,,,,,79,39.5,26.33333333,13.16666667,1.037974684
Inside,FB,FBi,,2,256,52,34,14,0.27,0.52,,,,,,100,50,33.33333333,16.66666667,0.52
Inside,FB,FBi,,3,257,25,19,6,0.24,0.98,,,,,,50,25,16.66666667,8.333333333,0.98
Inside,FB,FBi,,3,258,49,39,15,0.31,1.03,,,,,,103,51.5,34.33333333,17.16666667,1.029126214
Inside,FB,FBi,,3,259,37,24,12,0.32,0.01,,,,,,73,36.5,24.33333333,12.16666667,0.01369863014
Inside,FB,FBi,,3,260,30,16,7,0.23,1.00,,,,,,53,26.5,17.66666667,8.833333333,1
Inside,FB,FBi,,3,261,29,18,10,0.34,0.09,,,,,,57,28.5,19,9.5,0.08771929825
Inside,FB,FBi,,3,262,32,26,9,0.28,1.09,,,,,,67,33.5,22.33333333,11.16666667,1.089552239
Inside,FB,FBi,,3,263,49,30,13,0.27,0.57,,,,,,92,46,30.66666667,15.33333333,0.5652173913
Inside,FB,FBi,,3,264,31,23,8,0.26,0.79,,,,,,62,31,20.66666667,10.33333333,0.7903225806
Inside,FB,FBi,,3,265,60,30,15,0.25,2.14,,,,,,105,52.5,35,17.5,2.142857143
Inside,FB,FBi,,3,266,32,19,8,0.25,0.58,,,,,,59,29.5,19.66666667,9.833333333,0.5762711864
Inside,FB,FBi,,3,267,59,38,16,0.27,0.54,,,,,,113,56.5,37.66666667,18.83333333,0.5398230088
Inside,FB,FBi,,3,268,42,23,10,0.24,1.20,,,,,,75,37.5,25,12.5,1.2
Inside,FB,FBi,,3,269,60,40,16,0.27,0.69,,,,,,116,58,38.66666667,19.33333333,0.6896551724
Inside,FB,FBi,,3,270,40,32,11,0.28,1.31,,,,,,83,41.5,27.66666667,13.83333333,1.313253012
Inside,FB,FBi,,3,271,25,27,7,0.28,4.24,,,,,,59,29.5,19.66666667,9.833333333,4.237288136
Inside,FB,FBi,,3,272,54,39,16,0.30,0.46,,,,,,109,54.5,36.33333333,18.16666667,0.4587155963
Inside,FB,FBi,,3,273,45,28,13,0.29,0.23,,,,,,86,43,28.66666667,14.33333333,0.2325581395
Inside,FB,FBi,,3,274,31,24,7,0.23,1.61,,,,,,62,31,20.66666667,10.33333333,1.612903226
Inside,FB,FBi,,3,275,46,27,10,0.22,1.57,,,,,,83,41.5,27.66666667,13.83333333,1.56626506
Inside,FB,FBi,,3,276,47,35,12,0.26,1.29,,,,,,94,47,31.33333333,15.66666667,1.287234043
Inside,FB,FBi,,3,277,36,22,12,0.33,0.11,,,,,,70,35,23.33333333,11.66666667,0.1142857143
Inside,FB,FBi,,3,278,46,33,14,0.30,0.28,,,,,,93,46.5,31,15.5,0.2795698925
Inside,FB,FBi,,3,279,35,18,9,0.26,1.03,,,,,,62,31,20.66666667,10.33333333,1.032258065
Inside,FB,FBi,,3,280,61,36,18,0.30,0.43,,,,,,115,57.5,38.33333333,19.16666667,0.4260869565
Inside,FB,FBi,,3,281,50,31,11,0.22,1.58,,,,,,92,46,30.66666667,15.33333333,1.576086957
Inside,FB,FBi,,3,282,31,23,10,0.32,0.20,,,,,,64,32,21.33333333,10.66666667,0.203125
Inside,FB,FBi,,3,283,30,30,10,0.33,2.86,,,,,,70,35,23.33333333,11.66666667,2.857142857
Inside,FB,FBi,,3,284,38,31,11,0.29,1.21,,,,,,80,40,26.66666667,13.33333333,1.2125
Inside,FB,FBi,,3,285,40,28,10,0.25,0.87,,,,,,78,39,26,13,0.8717948718
Inside,FB,FBi,,3,286,53,28,10,0.19,3.18,,,,,,91,45.5,30.33333333,15.16666667,3.175824176
Inside,FB,FBi,,3,287,33,24,9,0.27,0.55,,,,,,66,33,22,11,0.5454545455
Inside,FB,FBi,,3,288,62,34,15,0.24,1.67,,,,,,111,55.5,37,18.5,1.666666667
Outside,FB,FBo,,4,289,50,28,14,0.28,0.70,,,,,,92,46,30.66666667,15.33333333,0.6956521739
Outside,FB,FBo,,4,290,51,31,16,0.31,0.17,,,,,,98,49,32.66666667,16.33333333,0.1734693878
Outside,FB,FBo,,4,291,56,33,13,0.23,1.46,,,,,,102,51,34,17,1.460784314
Outside,FB,FBo,,4,292,53,40,15,0.28,0.96,,,,,,108,54,36,18,0.962962963
Outside,FB,FBo,,4,293,61,32,15,0.25,1.85,,,,,,108,54,36,18,1.851851852
Outside,FB,FBo,,4,294,47,30,10,0.21,1.71,,,,,,87,43.5,29,14.5,1.712643678
Outside,FB,FBo,,4,295,43,27,11,0.26,0.62,,,,,,81,40.5,27,13.5,0.6172839506
Outside,FB,FBo,,4,296,49,29,13,0.27,0.64,,,,,,91,45.5,30.33333333,15.16666667,0.6373626374
Outside,FB,FBo,,4,297,63,36,13,0.21,2.64,,,,,,112,56,37.33333333,18.66666667,2.642857143
Outside,FB,FBo,,4,298,38,20,10,0.26,0.94,,,,,,68,34,22.66666667,11.33333333,0.9411764706
Outside,FB,FBo,,4,299,32,24,10,0.31,0.30,,,,,,66,33,22,11,0.303030303
Outside,FB,FBo,,4,300,30,21,5,0.17,2.45,,,,,,56,28,18.66666667,9.333333333,2.446428571
Outside,FB,FBo,,4,301,58,40,15,0.26,0.96,,,,,,113,56.5,37.66666667,18.83333333,0.9646017699
Outside,FB,FBo,,4,302,39,26,10,0.26,0.60,,,,,,75,37.5,25,12.5,0.6
Outside,FB,FBo,,4,303,58,34,14,0.24,1.28,,,,,,106,53,35.33333333,17.66666667,1.283018868
Outside,FB,FBo,,4,304,40,31,12,0.30,0.70,,,,,,83,41.5,27.66666667,13.83333333,0.6987951807
Outside,FB,FBo,,4,305,59,40,15,0.25,1.02,,,,,,114,57,38,19,1.01754386
Outside,FB,FBo,,4,306,39,28,11,0.28,0.46,,,,,,78,39,26,13,0.4615384615
Outside,FB,FBo,,4,307,32,24,6,0.19,2.39,,,,,,62,31,20.66666667,10.33333333,2.387096774
Outside,FB,FBo,,4,308,57,38,14,0.25,1.15,,,,,,109,54.5,36.33333333,18.16666667,1.146788991
Outside,FB,FBo,,4,309,32,19,7,0.22,1.05,,,,,,58,29,19.33333333,9.666666667,1.051724138
Outside,FB,FBo,,4,310,25,20,7,0.28,0.77,,,,,,52,26,17.33333333,8.666666667,0.7692307692
Outside,FB,FBo,,4,311,47,24,10,0.21,2.28,,,,,,81,40.5,27,13.5,2.283950617
Outside,FB,FBo,,4,312,52,30,14,0.27,0.71,,,,,,96,48,32,16,0.7083333333
Outside,FB,FBo,,4,313,49,30,10,0.20,2.03,,,,,,89,44.5,29.66666667,14.83333333,2.033707865
Outside,FB,FBo,,4,314,46,31,13,0.28,0.32,,,,,,90,45,30,15,0.3222222222
Outside,FB,FBo,,4,315,46,31,13,0.28,0.32,,,,,,90,45,30,15,0.3222222222
Outside,FB,FBo,,4,316,44,31,11,0.25,0.99,,,,,,86,43,28.66666667,14.33333333,0.988372093
Outside,FB,FBo,,4,317,40,35,12,0.30,1.95,,,,,,87,43.5,29,14.5,1.954022989
Outside,FB,FBo,,4,318,26,16,7,0.27,0.27,,,,,,49,24.5,16.33333333,8.166666667,0.2653061224
Outside,FB,FBo,,4,319,46,36,11,0.24,2.12,,,,,,93,46.5,31,15.5,2.11827957
Outside,FB,FBo,,4,320,28,11,8,0.29,2.26,,,,,,47,23.5,15.66666667,7.833333333,2.255319149
Outside,FB,FBo,,5,321,37,24,13,0.35,0.05,,,,,,74,37,24.66666667,12.33333333,0.05405405405
Outside,FB,FBo,,5,322,48,37,13,0.27,1.28,,,,,,98,49,32.66666667,16.33333333,1.275510204
Outside,FB,FBo,,5,323,46,37,12,0.26,1.87,,,,,,95,47.5,31.66666667,15.83333333,1.873684211
Outside,FB,FBo,,5,324,67,39,15,0.22,2.07,,,,,,121,60.5,40.33333333,20.16666667,2.066115702
Outside,FB,FBo,,5,325,36,35,13,0.36,2.68,,,,,,84,42,28,14,2.678571429
Outside,FB,FBo,,5,326,60,42,19,0.32,0.14,,,,,,121,60.5,40.33333333,20.16666667,0.1404958678
Outside,FB,FBo,,5,327,60,40,20,0.33,0.00,,,,,,120,60,40,20,0
Outside,FB,FBo,,5,328,47,29,11,0.23,1.13,,,,,,87,43.5,29,14.5,1.126436782
Outside,FB,FBo,,5,329,48,34,13,0.27,0.68,,,,,,95,47.5,31.66666667,15.83333333,0.6842105263
Outside,FB,FBo,,5,330,38,28,8,0.21,2.00,,,,,,74,37,24.66666667,12.33333333,2
Outside,FB,FBo,,5,331,40,27,9,0.23,1.28,,,,,,76,38,25.33333333,12.66666667,1.276315789
Outside,FB,FBo,,5,332,45,29,12,0.27,0.48,,,,,,86,43,28.66666667,14.33333333,0.476744186
Outside,FB,FBo,,5,333,49,36,13,0.27,1.02,,,,,,98,49,32.66666667,16.33333333,1.020408163
Outside,FB,FBo,,5,334,42,34,15,0.36,0.71,,,,,,91,45.5,30.33333333,15.16666667,0.7142857143
Outside,FB,FBo,,5,335,39,24,9,0.23,1.00,,,,,,72,36,24,12,1
Outside,FB,FBo,,5,336,33,22,7,0.21,1.29,,,,,,62,31,20.66666667,10.33333333,1.290322581
Outside,FB,FBo,,5,337,33,30,8,0.24,3.11,,,,,,71,35.5,23.66666667,11.83333333,3.112676056
Outside,FB,FBo,,5,338,52,32,11,0.21,1.91,,,,,,95,47.5,31.66666667,15.83333333,1.905263158
Outside,FB,FBo,,5,339,40,32,11,0.28,1.31,,,,,,83,41.5,27.66666667,13.83333333,1.313253012
Outside,FB,FBo,,5,340,46,30,11,0.24,1.02,,,,,,87,43.5,29,14.5,1.022988506
Outside,FB,FBo,,5,341,42,34,8,0.19,3.86,,,,,,84,42,28,14,3.857142857
Outside,FB,FBo,,5,342,40,25,9,0.23,1.15,,,,,,74,37,24.66666667,12.33333333,1.148648649
Outside,FB,FBo,,5,343,35,28,9,0.26,1.44,,,,,,72,36,24,12,1.444444444
Outside,FB,FBo,,5,344,52,30,14,0.27,0.71,,,,,,96,48,32,16,0.7083333333
Outside,FB,FBo,,5,345,28,15,7,0.25,0.74,,,,,,50,25,16.66666667,8.333333333,0.74
Outside,FB,FBo,,5,346,40,29,10,0.25,1.04,,,,,,79,39.5,26.33333333,13.16666667,1.037974684
Outside,FB,FBo,,5,347,38,27,11,0.29,0.33,,,,,,76,38,25.33333333,12.66666667,0.3289473684
Outside,FB,FBo,,5,348,53,38,12,0.23,1.99,,,,,,103,51.5,34.33333333,17.16666667,1.990291262
Outside,FB,FBo,,5,349,55,34,11,0.20,2.44,,,,,,100,50,33.33333333,16.66666667,2.44
Outside,FB,FBo,,5,350,40,28,13,0.33,0.06,,,,,,81,40.5,27,13.5,0.06172839506
Outside,FB,FBo,,5,351,32,28,9,0.28,1.81,,,,,,69,34.5,23,11.5,1.811594203
Outside,FB,FBo,,5,352,60,38,15,0.25,1.00,,,,,,113,56.5,37.66666667,18.83333333,1
Outside,FB,FBo,,6,353,43,36,11,0.26,2.36,,,,,,90,45,30,15,2.355555556
Outside,FB,FBo,,6,354,62,34,16,0.26,1.32,,,,,,112,56,37.33333333,18.66666667,1.321428571
Outside,FB,FBo,,6,355,69,43,19,0.28,0.56,,,,,,131,65.5,43.66666667,21.83333333,0.5648854962
Outside,FB,FBo,,6,356,42,25,11,0.26,0.58,,,,,,78,39,26,13,0.5769230769
Outside,FB,FBo,,6,357,55,34,13,0.24,1.25,,,,,,102,51,34,17,1.254901961
Outside,FB,FBo,,6,358,64,30,20,0.31,2.60,,,,,,114,57,38,19,2.596491228
Outside,FB,FBo,,6,359,48,34,16,0.33,0.08,,,,,,98,49,32.66666667,16.33333333,0.08163265306
Outside,FB,FBo,,6,360,52,39,15,0.29,0.80,,,,,,106,53,35.33333333,17.66666667,0.8018867925
Outside,FB,FBo,,6,361,45,26,9,0.20,2.05,,,,,,80,40,26.66666667,13.33333333,2.05
Outside,FB,FBo,,6,362,35,20,8,0.23,1.03,,,,,,63,31.5,21,10.5,1.031746032
Outside,FB,FBo,,6,363,40,29,10,0.25,1.04,,,,,,79,39.5,26.33333333,13.16666667,1.037974684
Outside,FB,FBo,,6,364,40,30,10,0.25,1.25,,,,,,80,40,26.66666667,13.33333333,1.25
Outside,FB,FBo,,6,365,40,25,9,0.23,1.15,,,,,,74,37,24.66666667,12.33333333,1.148648649
Outside,FB,FBo,,6,366,26,18,7,0.27,0.33,,,,,,51,25.5,17,8.5,0.3333333333
Outside,FB,FBo,,6,367,28,18,8,0.29,0.15,,,,,,54,27,18,9,0.1481481481
Outside,FB,FBo,,6,368,24,21,5,0.21,2.50,,,,,,50,25,16.66666667,8.333333333,2.5
Outside,FB,FBo,,6,369,39,24,9,0.23,1.00,,,,,,72,36,24,12,1
Outside,FB,FBo,,6,370,36,28,13,0.36,0.38,,,,,,77,38.5,25.66666667,12.83333333,0.3766233766
Outside,FB,FBo,,6,371,45,30,10,0.22,1.47,,,,,,85,42.5,28.33333333,14.16666667,1.470588235
Outside,FB,FBo,,6,372,38,32,11,0.29,1.54,,,,,,81,40.5,27,13.5,1.543209877
Outside,FB,FBo,,6,373,49,31,13,0.27,0.54,,,,,,93,46.5,31,15.5,0.5376344086
Outside,FB,FBo,,6,374,40,25,11,0.28,0.33,,,,,,76,38,25.33333333,12.66666667,0.3289473684
Outside,FB,FBo,,6,375,42,30,12,0.29,0.43,,,,,,84,42,28,14,0.4285714286
Outside,FB,FBo,,6,376,29,24,7,0.24,1.73,,,,,,60,30,20,10,1.733333333
Outside,FB,FBo,,6,377,40,24,9,0.23,1.16,,,,,,73,36.5,24.33333333,12.16666667,1.164383562
Outside,FB,FBo,,6,378,64,42,16,0.25,1.11,,,,,,122,61,40.66666667,20.33333333,1.114754098
Outside,FB,FBo,,6,379,32,24,9,0.28,0.57,,,,,,65,32.5,21.66666667,10.83333333,0.5692307692
Outside,FB,FBo,,6,380,47,27,11,0.23,1.25,,,,,,85,42.5,28.33333333,14.16666667,1.247058824
Outside,FB,FBo,,6,381,42,27,8,0.19,2.21,,,,,,77,38.5,25.66666667,12.83333333,2.207792208
Outside,FB,FBo,,6,382,41,27,11,0.27,0.43,,,,,,79,39.5,26.33333333,13.16666667,0.4303797468
Outside,FB,FBo,,6,383,27,20,9,0.33,0.14,,,,,,56,28,18.66666667,9.333333333,0.1428571429
Outside,FB,FBo,,6,384,43,27,17,0.40,0.57,,,,,,87,43.5,29,14.5,0.5747126437
Inside,FC,FCi,1,7,385,56,36,17,0.30,0.12,,,,,,109,54.5,36.33333333,18.16666667,0.119266055
Inside,FC,FCi,1,7,386,61,40,16,0.26,0.76,,,,,,117,58.5,39,19.5,0.7606837607
Inside,FC,FCi,1,7,387,56,39,15,0.27,0.77,,,,,,110,55,36.66666667,18.33333333,0.7727272727
Inside,FC,FCi,1,7,388,39,29,11,0.28,0.63,,,,,,79,39.5,26.33333333,13.16666667,0.6329113924
Inside,FC,FCi,1,7,389,37,26,11,0.30,0.22,,,,,,74,37,24.66666667,12.33333333,0.2162162162
Inside,FC,FCi,1,7,390,44,33,12,0.27,0.92,,,,,,89,44.5,29.66666667,14.83333333,0.9213483146
Inside,FC,FCi,1,7,391,49,34,14,0.29,0.38,,,,,,97,48.5,32.33333333,16.16666667,0.381443299
Inside,FC,FCi,1,7,392,55,39,14,0.25,1.16,,,,,,108,54,36,18,1.157407407
Inside,FC,FCi,1,8,393,50,30,12,0.24,1.09,,,,,,92,46,30.66666667,15.33333333,1.086956522
Inside,FC,FCi,1,8,394,62,40,19,0.31,0.11,,,,,,121,60.5,40.33333333,20.16666667,0.1074380165
Inside,FC,FCi,1,8,395,38,28,11,0.29,0.48,,,,,,77,38.5,25.66666667,12.83333333,0.4805194805
Inside,FC,FCi,1,8,396,65,34,18,0.28,1.48,,,,,,117,58.5,39,19.5,1.478632479
Inside,FC,FCi,1,8,397,50,29,12,0.24,1.16,,,,,,91,45.5,30.33333333,15.16666667,1.164835165
Inside,FC,FCi,1,8,398,43,29,13,0.30,0.12,,,,,,85,42.5,28.33333333,14.16666667,0.1176470588
Inside,FC,FCi,1,8,399,27,27,10,0.37,2.33,,,,,,64,32,21.33333333,10.66666667,2.328125
Inside,FC,FCi,1,8,400,29,22,8,0.28,0.63,,,,,,59,29.5,19.66666667,9.833333333,0.6271186441
Inside,FC,FCi,1,9,401,46,33,12,0.26,0.90,,,,,,91,45.5,30.33333333,15.16666667,0.9010989011
Inside,FC,FCi,1,9,402,30,24,9,0.30,0.71,,,,,,63,31.5,21,10.5,0.7142857143
Inside,FC,FCi,1,9,403,34,25,10,0.29,0.38,,,,,,69,34.5,23,11.5,0.3768115942
Inside,FC,FCi,1,9,404,49,32,14,0.29,0.26,,,,,,95,47.5,31.66666667,15.83333333,0.2631578947
Inside,FC,FCi,1,9,405,30,29,9,0.30,2.72,,,,,,68,34,22.66666667,11.33333333,2.720588235
Inside,FC,FCi,1,9,406,56,34,14,0.25,0.96,,,,,,104,52,34.66666667,17.33333333,0.9615384615
Inside,FC,FCi,1,9,407,34,21,8,0.24,0.79,,,,,,63,31.5,21,10.5,0.7936507937
Inside,FC,FCi,1,9,408,54,24,9,0.17,5.48,,,,,,87,43.5,29,14.5,5.482758621
Inside,FC,FCi,1,10,409,49,33,12,0.24,1.03,,,,,,94,47,31.33333333,15.66666667,1.031914894
Inside,FC,FCi,1,10,410,40,28,12,0.30,0.20,,,,,,80,40,26.66666667,13.33333333,0.2
Inside,FC,FCi,1,10,411,47,36,15,0.32,0.53,,,,,,98,49,32.66666667,16.33333333,0.5306122449
Inside,FC,FCi,1,10,412,57,31,16,0.28,0.97,,,,,,104,52,34.66666667,17.33333333,0.9711538462
Inside,FC,FCi,1,10,413,45,35,12,0.27,1.36,,,,,,92,46,30.66666667,15.33333333,1.358695652
Inside,FC,FCi,1,10,414,60,35,17,0.28,0.58,,,,,,112,56,37.33333333,18.66666667,0.5803571429
Inside,FC,FCi,1,10,415,46,26,10,0.22,1.66,,,,,,82,41,27.33333333,13.66666667,1.658536585
Inside,FC,FCi,1,10,416,45,27,11,0.24,0.89,,,,,,83,41.5,27.66666667,13.83333333,0.8915662651
Inside,FC,FCi,2,11,417,28,21,8,0.29,0.46,,,,,,57,28.5,19,9.5,0.4561403509
Inside,FC,FCi,2,11,418,43,25,14,0.33,0.30,,,,,,82,41,27.33333333,13.66666667,0.3048780488
Inside,FC,FCi,2,11,419,54,36,16,0.30,0.19,,,,,,106,53,35.33333333,17.66666667,0.1886792453
Inside,FC,FCi,2,11,420,39,28,10,0.26,0.84,,,,,,77,38.5,25.66666667,12.83333333,0.8441558442
Inside,FC,FCi,2,11,421,59,32,17,0.29,0.96,,,,,,108,54,36,18,0.962962963
Inside,FC,FCi,2,11,422,41,27,12,0.29,0.16,,,,,,80,40,26.66666667,13.33333333,0.1625
Inside,FC,FCi,2,11,423,45,29,10,0.22,1.39,,,,,,84,42,28,14,1.392857143
Inside,FC,FCi,2,11,424,39,35,11,0.28,2.56,,,,,,85,42.5,28.33333333,14.16666667,2.564705882
Inside,FC,FCi,2,12,425,59,37,15,0.25,0.88,,,,,,111,55.5,37,18.5,0.8828828829
Inside,FC,FCi,2,12,426,52,37,15,0.29,0.47,,,,,,104,52,34.66666667,17.33333333,0.4711538462
Inside,FC,FCi,2,12,427,47,35,14,0.30,0.55,,,,,,96,48,32,16,0.5520833333
Inside,FC,FCi,2,12,428,51,31,14,0.27,0.47,,,,,,96,48,32,16,0.46875
Inside,FC,FCi,2,12,429,51,32,12,0.24,1.19,,,,,,95,47.5,31.66666667,15.83333333,1.189473684
Inside,FC,FCi,2,12,430,43,31,10,0.23,1.49,,,,,,84,42,28,14,1.488095238
Inside,FC,FCi,2,12,431,36,25,12,0.33,0.03,,,,,,73,36.5,24.33333333,12.16666667,0.02739726027
Inside,FC,FCi,2,12,432,39,28,10,0.26,0.84,,,,,,77,38.5,25.66666667,12.83333333,0.8441558442
Inside,FC,FCi,2,13,433,59,32,15,0.25,1.40,,,,,,106,53,35.33333333,17.66666667,1.396226415
Inside,FC,FCi,2,13,434,45,23,10,0.22,1.96,,,,,,78,39,26,13,1.961538462
Inside,FC,FCi,2,13,435,42,35,13,0.31,1.30,,,,,,90,45,30,15,1.3
Inside,FC,FCi,2,13,436,40,34,17,0.43,1.33,,,,,,91,45.5,30.33333333,15.16666667,1.32967033
Inside,FC,FCi,2,13,437,52,34,14,0.27,0.52,,,,,,100,50,33.33333333,16.66666667,0.52
Inside,FC,FCi,2,13,438,42,31,12,0.29,0.59,,,,,,85,42.5,28.33333333,14.16666667,0.5882352941
Inside,FC,FCi,2,13,439,38,30,11,0.29,0.92,,,,,,79,39.5,26.33333333,13.16666667,0.9240506329
Inside,FC,FCi,2,13,440,45,26,13,0.29,0.43,,,,,,84,42,28,14,0.4285714286
Inside,FC,FCi,2,14,441,52,40,14,0.27,1.40,,,,,,106,53,35.33333333,17.66666667,1.396226415
Inside,FC,FCi,2,14,442,56,33,14,0.25,1.03,,,,,,103,51.5,34.33333333,17.16666667,1.029126214
Inside,FC,FCi,2,14,443,39,27,11,0.28,0.34,,,,,,77,38.5,25.66666667,12.83333333,0.3376623377
Inside,FC,FCi,2,14,444,57,37,14,0.25,1.08,,,,,,108,54,36,18,1.083333333
Inside,FC,FCi,2,14,445,47,33,14,0.30,0.27,,,,,,94,47,31.33333333,15.66666667,0.2659574468
Inside,FC,FCi,2,14,446,47,29,11,0.23,1.13,,,,,,87,43.5,29,14.5,1.126436782
Inside,FC,FCi,2,14,447,61,39,19,0.31,0.08,,,,,,119,59.5,39.66666667,19.83333333,0.08403361345
Inside,FC,FCi,2,14,448,36,26,10,0.28,0.50,,,,,,72,36,24,12,0.5
Inside,FC,FCi,3,15,449,40,29,9,0.23,1.60,,,,,,78,39,26,13,1.602564103
Inside,FC,FCi,3,15,450,35,26,10,0.29,0.52,,,,,,71,35.5,23.66666667,11.83333333,0.5211267606
Inside,FC,FCi,3,15,451,40,27,10,0.25,0.75,,,,,,77,38.5,25.66666667,12.83333333,0.7532467532
Inside,FC,FCi,3,15,452,53,48,20,0.38,2.39,,,,,,121,60.5,40.33333333,20.16666667,2.388429752
Inside,FC,FCi,3,15,453,40,28,11,0.28,0.47,,,,,,79,39.5,26.33333333,13.16666667,0.4683544304
Inside,FC,FCi,3,15,454,46,34,13,0.28,0.70,,,,,,93,46.5,31,15.5,0.6989247312
Inside,FC,FCi,3,15,455,34,28,8,0.24,2.11,,,,,,70,35,23.33333333,11.66666667,2.114285714
Inside,FC,FCi,3,15,456,43,30,12,0.28,0.44,,,,,,85,42.5,28.33333333,14.16666667,0.4352941176
Inside,FC,FCi,3,16,457,36,25,10,0.28,0.37,,,,,,71,35.5,23.66666667,11.83333333,0.3661971831
Inside,FC,FCi,3,16,458,42,34,13,0.31,1.00,,,,,,89,44.5,29.66666667,14.83333333,1
Inside,FC,FCi,3,16,459,59,40,14,0.24,1.50,,,,,,113,56.5,37.66666667,18.83333333,1.495575221
Inside,FC,FCi,3,16,460,44,38,16,0.36,1.39,,,,,,98,49,32.66666667,16.33333333,1.387755102
Inside,FC,FCi,3,16,461,44,37,14,0.32,1.37,,,,,,95,47.5,31.66666667,15.83333333,1.368421053
Inside,FC,FCi,3,16,462,26,23,10,0.38,0.98,,,,,,59,29.5,19.66666667,9.833333333,0.9830508475
Inside,FC,FCi,3,16,463,40,31,11,0.28,1.04,,,,,,82,41,27.33333333,13.66666667,1.036585366
Inside,FC,FCi,3,16,464,46,31,11,0.24,1.10,,,,,,88,44,29.33333333,14.66666667,1.102272727
Inside,FC,FCi,3,17,465,63,45,20,0.32,0.23,,,,,,128,64,42.66666667,21.33333333,0.2265625
Inside,FC,FCi,3,17,466,35,27,9,0.26,1.15,,,,,,71,35.5,23.66666667,11.83333333,1.154929577
Inside,FC,FCi,3,17,467,32,20,8,0.25,0.53,,,,,,60,30,20,10,0.5333333333
Inside,FC,FCi,3,17,468,32,23,9,0.28,0.39,,,,,,64,32,21.33333333,10.66666667,0.390625
Inside,FC,FCi,3,17,469,39,28,10,0.26,0.84,,,,,,77,38.5,25.66666667,12.83333333,0.8441558442
Inside,FC,FCi,3,17,470,58,41,15,0.26,1.10,,,,,,114,57,38,19,1.096491228
Inside,FC,FCi,3,17,471,51,32,12,0.24,1.19,,,,,,95,47.5,31.66666667,15.83333333,1.189473684
Inside,FC,FCi,3,17,472,39,24,10,0.26,0.56,,,,,,73,36.5,24.33333333,12.16666667,0.5616438356
Inside,FC,FCi,3,18,473,35,27,10,0.29,0.74,,,,,,72,36,24,12,0.7361111111
Inside,FC,FCi,3,18,474,42,28,14,0.33,0.00,,,,,,84,42,28,14,0
Inside,FC,FCi,3,18,475,63,44,12,0.19,3.77,,,,,,119,59.5,39.66666667,19.83333333,3.773109244
Inside,FC,FCi,3,18,476,50,30,14,0.28,0.43,,,,,,94,47,31.33333333,15.66666667,0.4255319149
Inside,FC,FCi,3,18,477,44,29,10,0.23,1.28,,,,,,83,41.5,27.66666667,13.83333333,1.277108434
Inside,FC,FCi,3,18,478,48,38,13,0.27,1.55,,,,,,99,49.5,33,16.5,1.545454545
Inside,FC,FCi,3,18,479,42,29,11,0.26,0.65,,,,,,82,41,27.33333333,13.66666667,0.6463414634
Inside,FC,FCi,3,18,480,54,34,10,0.19,3.02,,,,,,98,49,32.66666667,16.33333333,3.020408163
Outside,FC,FCo,4,19,481,45,30,13,0.29,0.23,,,,,,88,44,29.33333333,14.66666667,0.2272727273
Outside,FC,FCo,4,19,482,49,35,9,0.18,3.38,,,,,,93,46.5,31,15.5,3.376344086
Outside,FC,FCo,4,19,483,42,31,11,0.26,0.96,,,,,,84,42,28,14,0.9642857143
Outside,FC,FCo,4,19,484,52,30,12,0.23,1.45,,,,,,94,47,31.33333333,15.66666667,1.446808511
Outside,FC,FCo,4,19,485,55,32,16,0.29,0.48,,,,,,103,51.5,34.33333333,17.16666667,0.4757281553
Outside,FC,FCo,4,19,486,39,27,12,0.31,0.12,,,,,,78,39,26,13,0.1153846154
Outside,FC,FCo,4,19,487,36,26,9,0.25,0.92,,,,,,71,35.5,23.66666667,11.83333333,0.9154929577
Outside,FC,FCo,4,19,488,45,46,12,0.27,6.34,,,,,,103,51.5,34.33333333,17.16666667,6.339805825
Outside,FC,FCo,4,20,489,46,44,13,0.28,4.32,,,,,,103,51.5,34.33333333,17.16666667,4.32038835
Outside,FC,FCo,4,20,490,59,36,15,0.25,0.91,,,,,,110,55,36.66666667,18.33333333,0.9090909091
Outside,FC,FCo,4,20,491,50,35,15,0.30,0.25,,,,,,100,50,33.33333333,16.66666667,0.25
Outside,FC,FCo,4,20,492,57,33,15,0.26,0.86,,,,,,105,52.5,35,17.5,0.8571428571
Outside,FC,FCo,4,20,493,47,31,10,0.21,1.78,,,,,,88,44,29.33333333,14.66666667,1.784090909
Outside,FC,FCo,4,20,494,61,35,15,0.25,1.32,,,,,,111,55.5,37,18.5,1.315315315
Outside,FC,FCo,4,20,495,40,30,11,0.28,0.80,,,,,,81,40.5,27,13.5,0.8024691358
Outside,FC,FCo,4,20,496,40,36,12,0.30,2.36,,,,,,88,44,29.33333333,14.66666667,2.363636364
Outside,FC,FCo,4,21,497,65,43,9,0.14,6.79,,,,,,117,58.5,39,19.5,6.786324786
Outside,FC,FCo,4,21,498,49,35,8,0.16,4.32,,,,,,92,46,30.66666667,15.33333333,4.315217391
Outside,FC,FCo,4,21,499,68,36,19,0.28,1.41,,,,,,123,61.5,41,20.5,1.406504065
Outside,FC,FCo,4,21,500,57,20,11,0.19,7.73,,,,,,88,44,29.33333333,14.66666667,7.727272727
Outside,FC,FCo,4,21,501,40,35,12,0.30,1.95,,,,,,87,43.5,29,14.5,1.954022989
Outside,FC,FCo,4,21,502,50,39,11,0.22,2.89,,,,,,100,50,33.33333333,16.66666667,2.89
Outside,FC,FCo,4,21,503,69,39,14,0.20,3.09,,,,,,122,61,40.66666667,20.33333333,3.090163934
Outside,FC,FCo,4,21,504,38,24,10,0.26,0.44,,,,,,72,36,24,12,0.4444444444
Outside,FC,FCo,4,22,505,52,33,12,0.23,1.34,,,,,,97,48.5,32.33333333,16.16666667,1.340206186
Outside,FC,FCo,4,22,506,54,32,11,0.20,2.28,,,,,,97,48.5,32.33333333,16.16666667,2.278350515
Outside,FC,FCo,4,22,507,64,32,14,0.22,3.09,,,,,,110,55,36.66666667,18.33333333,3.090909091
Outside,FC,FCo,4,22,508,59,39,13,0.22,1.96,,,,,,111,55.5,37,18.5,1.963963964
Outside,FC,FCo,4,22,509,54,27,12,0.22,2.52,,,,,,93,46.5,31,15.5,2.516129032
Outside,FC,FCo,4,22,510,54,33,10,0.19,2.99,,,,,,97,48.5,32.33333333,16.16666667,2.989690722
Outside,FC,FCo,4,22,511,61,40,14,0.23,1.68,,,,,,115,57.5,38.33333333,19.16666667,1.67826087
Outside,FC,FCo,4,22,512,19,18,7,0.37,1.18,,,,,,44,22,14.66666667,7.333333333,1.181818182
Outside,FC,FCo,5,23,513,40,27,10,0.25,0.75,,,,,,77,38.5,25.66666667,12.83333333,0.7532467532
Outside,FC,FCo,5,23,514,54,32,15,0.28,0.52,,,,,,101,50.5,33.66666667,16.83333333,0.5247524752
Outside,FC,FCo,5,23,515,63,39,22,0.35,0.23,,,,,,124,62,41.33333333,20.66666667,0.2338709677
Outside,FC,FCo,5,23,516,42,28,11,0.26,0.56,,,,,,81,40.5,27,13.5,0.5555555556
Outside,FC,FCo,5,23,517,59,41,15,0.25,1.13,,,,,,115,57.5,38.33333333,19.16666667,1.130434783
Outside,FC,FCo,5,23,518,52,39,13,0.25,1.63,,,,,,104,52,34.66666667,17.33333333,1.625
Outside,FC,FCo,5,23,519,42,29,10,0.24,1.11,,,,,,81,40.5,27,13.5,1.111111111
Outside,FC,FCo,5,23,520,54,30,13,0.24,1.41,,,,,,97,48.5,32.33333333,16.16666667,1.412371134
Outside,FC,FCo,5,24,521,49,40,15,0.31,1.31,,,,,,104,52,34.66666667,17.33333333,1.307692308
Outside,FC,FCo,5,24,522,37,25,9,0.24,0.82,,,,,,71,35.5,23.66666667,11.83333333,0.8169014085
Outside,FC,FCo,5,24,523,60,40,15,0.25,1.09,,,,,,115,57.5,38.33333333,19.16666667,1.086956522
Outside,FC,FCo,5,24,524,50,31,11,0.22,1.58,,,,,,92,46,30.66666667,15.33333333,1.576086957
Outside,FC,FCo,5,24,525,40,31,11,0.28,1.04,,,,,,82,41,27.33333333,13.66666667,1.036585366
Outside,FC,FCo,5,24,526,41,30,11,0.27,0.78,,,,,,82,41,27.33333333,13.66666667,0.7804878049
Outside,FC,FCo,5,24,527,33,26,7,0.21,2.18,,,,,,66,33,22,11,2.181818182
Outside,FC,FCo,5,24,528,57,31,13,0.23,1.92,,,,,,101,50.5,33.66666667,16.83333333,1.920792079
Outside,FC,FCo,5,25,529,45,30,11,0.24,0.93,,,,,,86,43,28.66666667,14.33333333,0.9302325581
Outside,FC,FCo,5,25,530,51,34,15,0.29,0.20,,,,,,100,50,33.33333333,16.66666667,0.2
Outside,FC,FCo,5,25,531,40,22,11,0.28,0.67,,,,,,73,36.5,24.33333333,12.16666667,0.6712328767
Outside,FC,FCo,5,25,532,34,27,10,0.29,0.82,,,,,,71,35.5,23.66666667,11.83333333,0.8169014085
Outside,FC,FCo,5,25,533,38,29,10,0.26,1.06,,,,,,77,38.5,25.66666667,12.83333333,1.064935065
Outside,FC,FCo,5,25,534,34,27,11,0.32,0.57,,,,,,72,36,24,12,0.5694444444
Outside,FC,FCo,5,25,535,42,32,11,0.26,1.19,,,,,,85,42.5,28.33333333,14.16666667,1.188235294
Outside,FC,FCo,5,25,536,44,19,10,0.23,3.10,,,,,,73,36.5,24.33333333,12.16666667,3.095890411
Outside,FC,FCo,5,26,537,34,24,9,0.26,0.55,,,,,,67,33.5,22.33333333,11.16666667,0.552238806
Outside,FC,FCo,5,26,538,51,30,12,0.24,1.26,,,,,,93,46.5,31,15.5,1.258064516
Outside,FC,FCo,5,26,539,38,28,10,0.26,0.84,,,,,,76,38,25.33333333,12.66666667,0.8421052632
Outside,FC,FCo,5,26,540,40,25,11,0.28,0.33,,,,,,76,38,25.33333333,12.66666667,0.3289473684
Outside,FC,FCo,5,26,541,46,26,13,0.28,0.58,,,,,,85,42.5,28.33333333,14.16666667,0.5764705882
Outside,FC,FCo,5,26,542,65,47,20,0.31,0.40,,,,,,132,66,44,22,0.4015151515
Outside,FC,FCo,5,26,543,55,36,15,0.27,0.49,,,,,,106,53,35.33333333,17.66666667,0.4905660377
Outside,FC,FCo,5,26,544,33,30,10,0.30,2.04,,,,,,73,36.5,24.33333333,12.16666667,2.04109589
Outside,FC,FCo,6,27,545,49,36,12,0.24,1.49,,,,,,97,48.5,32.33333333,16.16666667,1.494845361
Outside,FC,FCo,6,27,546,42,35,12,0.29,1.64,,,,,,89,44.5,29.66666667,14.83333333,1.640449438
Outside,FC,FCo,6,27,547,50,33,13,0.26,0.68,,,,,,96,48,32,16,0.6770833333
Outside,FC,FCo,6,27,548,34,23,10,0.29,0.15,,,,,,67,33.5,22.33333333,11.16666667,0.1492537313
Outside,FC,FCo,6,27,549,36,30,12,0.33,0.92,,,,,,78,39,26,13,0.9230769231
Outside,FC,FCo,6,27,550,48,32,13,0.27,0.48,,,,,,93,46.5,31,15.5,0.4838709677
Outside,FC,FCo,6,27,551,27,22,7,0.26,1.21,,,,,,56,28,18.66666667,9.333333333,1.214285714
Outside,FC,FCo,6,27,552,48,45,14,0.29,3.83,,,,,,107,53.5,35.66666667,17.83333333,3.831775701
Outside,FC,FCo,6,28,553,64,39,16,0.25,1.09,,,,,,119,59.5,39.66666667,19.83333333,1.092436975
Outside,FC,FCo,6,28,554,60,41,15,0.25,1.18,,,,,,116,58,38.66666667,19.33333333,1.181034483
Outside,FC,FCo,6,28,555,40,32,11,0.28,1.31,,,,,,83,41.5,27.66666667,13.83333333,1.313253012
Outside,FC,FCo,6,28,556,50,35,15,0.30,0.25,,,,,,100,50,33.33333333,16.66666667,0.25
Outside,FC,FCo,6,28,557,48,32,11,0.23,1.37,,,,,,91,45.5,30.33333333,15.16666667,1.373626374
Outside,FC,FCo,6,28,558,41,30,11,0.27,0.78,,,,,,82,41,27.33333333,13.66666667,0.7804878049
Outside,FC,FCo,6,28,559,63,32,16,0.25,2.03,,,,,,111,55.5,37,18.5,2.027027027
Outside,FC,FCo,6,28,560,50,29,14,0.28,0.54,,,,,,93,46.5,31,15.5,0.5376344086
Outside,FC,FCo,6,29,561,50,34,13,0.26,0.75,,,,,,97,48.5,32.33333333,16.16666667,0.7525773196
Outside,FC,FCo,6,29,562,30,21,13,0.43,0.64,,,,,,64,32,21.33333333,10.66666667,0.640625
Outside,FC,FCo,6,29,563,24,21,8,0.33,0.94,,,,,,53,26.5,17.66666667,8.833333333,0.9433962264
Outside,FC,FCo,6,29,564,48,32,15,0.31,0.05,,,,,,95,47.5,31.66666667,15.83333333,0.05263157895
Outside,FC,FCo,6,29,565,47,33,14,0.30,0.27,,,,,,94,47,31.33333333,15.66666667,0.2659574468
Outside,FC,FCo,6,29,566,59,35,14,0.24,1.38,,,,,,108,54,36,18,1.37962963
Outside,FC,FCo,6,29,567,40,25,9,0.23,1.15,,,,,,74,37,24.66666667,12.33333333,1.148648649
Outside,FC,FCo,6,29,568,46,33,13,0.28,0.53,,,,,,92,46,30.66666667,15.33333333,0.5326086957
Outside,FC,FCo,6,30,569,39,24,10,0.26,0.56,,,,,,73,36.5,24.33333333,12.16666667,0.5616438356
Outside,FC,FCo,6,30,570,41,28,10,0.24,0.92,,,,,,79,39.5,26.33333333,13.16666667,0.9240506329
Outside,FC,FCo,6,30,571,48,37,12,0.25,1.75,,,,,,97,48.5,32.33333333,16.16666667,1.75257732
Outside,FC,FCo,6,30,572,35,26,10,0.29,0.52,,,,,,71,35.5,23.66666667,11.83333333,0.5211267606
Outside,FC,FCo,6,30,573,38,33,13,0.34,1.35,,,,,,84,42,28,14,1.345238095
Outside,FC,FCo,6,30,574,26,23,7,0.27,1.73,,,,,,56,28,18.66666667,9.333333333,1.732142857
Outside,FC,FCo,6,30,575,40,26,10,0.25,0.68,,,,,,76,38,25.33333333,12.66666667,0.6842105263
Outside,FC,FCo,6,30,576,41,27,10,0.24,0.83,,,,,,78,39,26,13,0.8333333333