Location,Gear,Treatment,Cage,Bag,Oyster,Height,Length,Width,Cup.ratio,Shell.shape,Sum actual dimen.,3:2:1 exp. height,3:2:1 exp. length,3:2:1 exp. width,Chi-square
Inside,BP,BPi,,,1,63,44,15,0.24,1.74,122,61,40.66666667,20.33333333,1.737704918
Inside,BP,BPi,,,2,63,45,14,0.22,2.50,122,61,40.66666667,20.33333333,2.5
Inside,BP,BPi,,,3,65,34,14,0.22,2.88,113,56.5,37.66666667,18.83333333,2.876106195
Inside,BP,BPi,,,4,41,35,11,0.27,2.23,87,43.5,29,14.5,2.229885057
Inside,BP,BPi,,,5,58,38,14,0.24,1.24,110,55,36.66666667,18.33333333,1.236363636
Inside,BP,BPi,,,6,54,34,13,0.24,1.12,101,50.5,33.66666667,16.83333333,1.118811881
Inside,BP,BPi,,,7,34,28,9,0.26,1.54,71,35.5,23.66666667,11.83333333,1.535211268
Inside,BP,BPi,,,8,36,30,9,0.25,2.04,75,37.5,25,12.5,2.04
Inside,BP,BPi,,,9,40,31,10,0.25,1.51,81,40.5,27,13.5,1.50617284
Inside,BP,BPi,,,10,48,34,11,0.23,1.65,93,46.5,31,15.5,1.64516129
Inside,BP,BPi,,,11,33,27,7,0.21,2.54,67,33.5,22.33333333,11.16666667,2.537313433
Inside,BP,BPi,,,12,70,44,15,0.21,2.46,129,64.5,43,21.5,2.457364341
Inside,BP,BPi,,,13,57,37,14,0.25,1.08,108,54,36,18,1.083333333
Inside,BP,BPi,,,14,48,40,14,0.29,1.76,102,51,34,17,1.764705882
Inside,BP,BPi,,,15,45,37,10,0.22,3.18,92,46,30.66666667,15.33333333,3.184782609
Inside,BP,BPi,,,16,38,32,9,0.24,2.59,79,39.5,26.33333333,13.16666667,2.594936709
Inside,BP,BPi,,,17,60,38,15,0.25,1.00,113,56.5,37.66666667,18.83333333,1
Inside,BP,BPi,,,18,51,40,11,0.22,3.18,102,51,34,17,3.176470588
Inside,BP,BPi,,,19,65,45,20,0.31,0.19,130,65,43.33333333,21.66666667,0.1923076923
Inside,BP,BPi,,,20,58,37,17,0.29,0.22,112,56,37.33333333,18.66666667,0.2232142857
Inside,BP,BPi,,,21,45,38,12,0.27,2.33,95,47.5,31.66666667,15.83333333,2.326315789
Inside,BP,BPi,,,22,44,33,10,0.23,1.95,87,43.5,29,14.5,1.954022989
Inside,BP,BPi,,,23,53,53,12,0.23,8.35,118,59,39.33333333,19.66666667,8.347457627
Inside,BP,BPi,,,24,55,37,12,0.22,1.97,104,52,34.66666667,17.33333333,1.971153846
Inside,BP,BPi,,,25,47,32,12,0.26,0.80,91,45.5,30.33333333,15.16666667,0.8021978022
Inside,BP,BPi,,,26,37,30,9,0.24,1.95,76,38,25.33333333,12.66666667,1.947368421
Inside,BP,BPi,,,27,44,35,11,0.25,1.92,90,45,30,15,1.922222222
Inside,BP,BPi,,,28,57,34,15,0.26,0.75,106,53,35.33333333,17.66666667,0.7547169811
Inside,BP,BPi,,,29,38,25,6,0.16,3.16,69,34.5,23,11.5,3.15942029
Inside,BP,BPi,,,30,64,38,14,0.22,2.10,116,58,38.66666667,19.33333333,2.103448276
Inside,BP,BPi,,,31,49,41,13,0.27,2.43,103,51.5,34.33333333,17.16666667,2.427184466
Inside,BP,BPi,,,32,46,25,11,0.24,1.33,82,41,27.33333333,13.66666667,1.329268293
Inside,BP,BPi,,,33,45,31,10,0.22,1.59,86,43,28.66666667,14.33333333,1.593023256
Inside,BP,BPi,,,34,65,35,19,0.29,1.09,119,59.5,39.66666667,19.83333333,1.092436975
Inside,BP,BPi,,,35,39,24,8,0.21,1.59,71,35.5,23.66666667,11.83333333,1.591549296
Inside,BP,BPi,,,36,45,34,11,0.24,1.60,90,45,30,15,1.6
Inside,BP,BPi,,,37,55,38,11,0.20,2.81,104,52,34.66666667,17.33333333,2.807692308
Inside,BP,BPi,,,38,30,20,6,0.20,1.43,56,28,18.66666667,9.333333333,1.428571429
Inside,BP,BPi,,,39,49,30,13,0.27,0.57,92,46,30.66666667,15.33333333,0.5652173913
Inside,BP,BPi,,,40,60,33,14,0.23,1.81,107,53.5,35.66666667,17.83333333,1.813084112
Inside,BP,BPi,,,41,63,35,15,0.24,1.72,113,56.5,37.66666667,18.83333333,1.716814159
Inside,BP,BPi,,,42,40,31,9,0.23,2.11,80,40,26.66666667,13.33333333,2.1125
Inside,BP,BPi,,,43,47,39,14,0.30,1.57,100,50,33.33333333,16.66666667,1.57
Inside,BP,BPi,,,44,44,50,14,0.32,8.19,108,54,36,18,8.185185185
Inside,BP,BPi,,,45,35,37,13,0.37,4.07,85,42.5,28.33333333,14.16666667,4.070588235
Inside,BP,BPi,,,46,45,36,11,0.24,2.17,92,46,30.66666667,15.33333333,2.173913043
Inside,BP,BPi,,,47,54,35,12,0.22,1.68,101,50.5,33.66666667,16.83333333,1.683168317
Inside,BP,BPi,,,48,52,39,12,0.23,2.19,103,51.5,34.33333333,17.16666667,2.194174757
Inside,BP,BPi,,,49,30,24,12,0.40,0.55,66,33,22,11,0.5454545455
Inside,BP,BPi,,,50,54,37,14,0.26,0.86,105,52.5,35,17.5,0.8571428571
Inside,BP,BPi,,,51,51,46,14,0.27,3.65,111,55.5,37,18.5,3.648648649
Inside,BP,BPi,,,52,56,36,14,0.25,0.94,106,53,35.33333333,17.66666667,0.9433962264
Inside,BP,BPi,,,53,51,36,12,0.24,1.55,99,49.5,33,16.5,1.545454545
Inside,BP,BPi,,,54,49,33,12,0.24,1.03,94,47,31.33333333,15.66666667,1.031914894
Inside,BP,BPi,,,55,50,40,14,0.28,1.54,104,52,34.66666667,17.33333333,1.538461538
Inside,BP,BPi,,,56,47,32,12,0.26,0.80,91,45.5,30.33333333,15.16666667,0.8021978022
Inside,BP,BPi,,,57,43,31,12,0.28,0.57,86,43,28.66666667,14.33333333,0.5697674419
Inside,BP,BPi,,,58,36,32,11,0.31,1.89,79,39.5,26.33333333,13.16666667,1.886075949
Inside,BP,BPi,,,59,61,33,11,0.18,3.90,105,52.5,35,17.5,3.904761905
Inside,BP,BPi,,,60,47,33,12,0.26,0.92,92,46,30.66666667,15.33333333,0.9239130435
Inside,BP,BPi,,,61,33,33,10,0.30,3.54,76,38,25.33333333,12.66666667,3.539473684
Inside,BP,BPi,,,62,36,32,8,0.22,3.58,76,38,25.33333333,12.66666667,3.578947368
Inside,BP,BPi,,,63,30,24,7,0.23,1.66,61,30.5,20.33333333,10.16666667,1.655737705
Inside,BP,BPi,,,64,50,35,14,0.28,0.51,99,49.5,33,16.5,0.5050505051
Inside,BP,BPi,,,65,40,32,11,0.28,1.31,83,41.5,27.66666667,13.83333333,1.313253012
Inside,BP,BPi,,,66,61,47,21,0.34,0.57,129,64.5,43,21.5,0.5736434109
Inside,BP,BPi,,,67,62,38,16,0.26,0.86,116,58,38.66666667,19.33333333,0.8620689655
Inside,BP,BPi,,,68,45,35,10,0.22,2.50,90,45,30,15,2.5
Inside,BP,BPi,,,69,52,36,14,0.27,0.67,102,51,34,17,0.6666666667
Inside,BP,BPi,,,70,54,43,12,0.22,3.32,109,54.5,36.33333333,18.16666667,3.321100917
Inside,BP,BPi,,,71,54,37,13,0.24,1.32,104,52,34.66666667,17.33333333,1.317307692
Inside,BP,BPi,,,72,37,25,8,0.22,1.39,70,35,23.33333333,11.66666667,1.385714286
Inside,BP,BPi,,,73,29,25,8,0.28,1.56,62,31,20.66666667,10.33333333,1.564516129
Inside,BP,BPi,,,74,42,31,9,0.21,2.11,82,41,27.33333333,13.66666667,2.109756098
Inside,BP,BPi,,,75,71,44,14,0.20,3.29,129,64.5,43,21.5,3.294573643
Inside,BP,BPi,,,76,48,32,10,0.21,2.00,90,45,30,15,2
Inside,BP,BPi,,,77,53,29,11,0.21,2.34,93,46.5,31,15.5,2.344086022
Inside,BP,BPi,,,78,39,31,11,0.28,1.11,81,40.5,27,13.5,1.111111111
Inside,BP,BPi,,,79,51,42,12,0.24,3.17,105,52.5,35,17.5,3.171428571
Inside,BP,BPi,,,80,48,41,12,0.25,3.11,101,50.5,33.66666667,16.83333333,3.108910891
Inside,BP,BPi,,,81,31,21,7,0.23,0.98,59,29.5,19.66666667,9.833333333,0.9830508475
Inside,BP,BPi,,,82,40,32,13,0.33,0.72,85,42.5,28.33333333,14.16666667,0.7176470588
Inside,BP,BPi,,,83,46,30,10,0.22,1.58,86,43,28.66666667,14.33333333,1.581395349
Inside,BP,BPi,,,84,37,30,10,0.27,1.42,77,38.5,25.66666667,12.83333333,1.415584416
Inside,BP,BPi,,,85,50,25,11,0.22,2.38,86,43,28.66666667,14.33333333,2.38372093
Inside,BP,BPi,,,86,48,40,14,0.29,1.76,102,51,34,17,1.764705882
Inside,BP,BPi,,,87,46,34,12,0.26,1.09,92,46,30.66666667,15.33333333,1.086956522
Inside,BP,BPi,,,88,38,31,10,0.26,1.65,79,39.5,26.33333333,13.16666667,1.64556962
Inside,BP,BPi,,,89,57,38,13,0.23,1.67,108,54,36,18,1.666666667
Inside,BP,BPi,,,90,36,30,11,0.31,1.16,77,38.5,25.66666667,12.83333333,1.155844156
Inside,BP,BPi,,,91,68,44,14,0.21,2.83,126,63,42,21,2.825396825
Inside,BP,BPi,,,92,42,28,8,0.19,2.31,78,39,26,13,2.307692308
Inside,BP,BPi,,,93,43,30,11,0.26,0.81,84,42,28,14,0.8095238095
Inside,BP,BPi,,,94,60,37,13,0.22,2.01,110,55,36.66666667,18.33333333,2.009090909
Inside,BP,BPi,,,95,50,35,11,0.22,1.93,96,48,32,16,1.927083333
Inside,BP,BPi,,,96,46,32,11,0.24,1.22,89,44.5,29.66666667,14.83333333,1.224719101
Outside,BP,BPo,,,1,55,40,16,0.29,0.59,111,55.5,37,18.5,0.5855855856
Outside,BP,BPo,,,2,56,38,13,0.23,1.58,107,53.5,35.66666667,17.83333333,1.579439252
Outside,BP,BPo,,,3,59,37,14,0.24,1.32,110,55,36.66666667,18.33333333,1.318181818
Outside,BP,BPo,,,4,45,39,11,0.24,3.31,95,47.5,31.66666667,15.83333333,3.305263158
Outside,BP,BPo,,,5,49,40,12,0.24,2.62,101,50.5,33.66666667,16.83333333,2.623762376
Outside,BP,BPo,,,6,58,46,15,0.26,2.23,119,59.5,39.66666667,19.83333333,2.226890756
Outside,BP,BPo,,,7,62,41,14,0.23,1.86,117,58.5,39,19.5,1.863247863
Outside,BP,BPo,,,8,49,42,14,0.29,2.33,105,52.5,35,17.5,2.333333333
Outside,BP,BPo,,,9,39,27,10,0.26,0.70,76,38,25.33333333,12.66666667,0.6973684211
Outside,BP,BPo,,,10,53,33,13,0.25,0.99,99,49.5,33,16.5,0.9898989899
Outside,BP,BPo,,,11,68,38,17,0.25,1.50,123,61.5,41,20.5,1.504065041
Outside,BP,BPo,,,12,60,33,13,0.22,2.31,106,53,35.33333333,17.66666667,2.311320755
Outside,BP,BPo,,,13,64,49,15,0.23,2.82,128,64,42.66666667,21.33333333,2.8203125
Outside,BP,BPo,,,14,59,36,12,0.20,2.48,107,53.5,35.66666667,17.83333333,2.476635514
Outside,BP,BPo,,,15,41,25,9,0.22,1.31,75,37.5,25,12.5,1.306666667
Outside,BP,BPo,,,16,41,27,12,0.29,0.16,80,40,26.66666667,13.33333333,0.1625
Outside,BP,BPo,,,17,61,34,14,0.23,1.88,109,54.5,36.33333333,18.16666667,1.880733945
Outside,BP,BPo,,,18,56,42,14,0.25,1.75,112,56,37.33333333,18.66666667,1.75
Outside,BP,BPo,,,19,69,40,14,0.20,3.00,123,61.5,41,20.5,3
Outside,BP,BPo,,,20,32,26,9,0.28,1.09,67,33.5,22.33333333,11.16666667,1.089552239
Outside,BP,BPo,,,21,62,35,12,0.19,3.17,109,54.5,36.33333333,18.16666667,3.174311927
Outside,BP,BPo,,,22,49,38,14,0.29,1.08,101,50.5,33.66666667,16.83333333,1.079207921
Outside,BP,BPo,,,23,41,32,10,0.24,1.75,83,41.5,27.66666667,13.83333333,1.746987952
Outside,BP,BPo,,,24,57,32,12,0.21,2.31,101,50.5,33.66666667,16.83333333,2.306930693
Outside,BP,BPo,,,25,73,40,18,0.25,1.84,131,65.5,43.66666667,21.83333333,1.839694656
Outside,BP,BPo,,,26,56,40,14,0.25,1.35,110,55,36.66666667,18.33333333,1.345454545
Outside,BP,BPo,,,27,62,40,15,0.24,1.27,117,58.5,39,19.5,1.273504274
Outside,BP,BPo,,,28,43,30,10,0.23,1.31,83,41.5,27.66666667,13.83333333,1.313253012
Outside,BP,BPo,,,29,50,43,14,0.28,2.56,107,53.5,35.66666667,17.83333333,2.560747664
Outside,BP,BPo,,,30,49,42,12,0.24,3.39,103,51.5,34.33333333,17.16666667,3.388349515
Outside,BP,BPo,,,31,44,36,11,0.25,2.25,91,45.5,30.33333333,15.16666667,2.252747253
Outside,BP,BPo,,,32,52,38,15,0.29,0.62,105,52.5,35,17.5,0.619047619
Outside,BP,BPo,,,33,64,38,16,0.25,1.15,118,59,39.33333333,19.66666667,1.152542373
Outside,BP,BPo,,,34,34,23,9,0.26,0.44,66,33,22,11,0.4393939394
Outside,BP,BPo,,,35,61,44,19,0.31,0.32,124,62,41.33333333,20.66666667,0.3225806452
Outside,BP,BPo,,,36,59,40,15,0.25,1.02,114,57,38,19,1.01754386
Outside,BP,BPo,,,37,30,29,9,0.30,2.72,68,34,22.66666667,11.33333333,2.720588235
Outside,BP,BPo,,,38,54,40,14,0.26,1.33,108,54,36,18,1.333333333
Outside,BP,BPo,,,39,37,30,9,0.24,1.95,76,38,25.33333333,12.66666667,1.947368421
Outside,BP,BPo,,,40,44,38,14,0.32,1.71,96,48,32,16,1.708333333
Outside,BP,BPo,,,41,44,35,10,0.23,2.54,89,44.5,29.66666667,14.83333333,2.539325843
Outside,BP,BPo,,,42,63,38,15,0.24,1.41,116,58,38.66666667,19.33333333,1.413793103
Outside,BP,BPo,,,43,60,34,13,0.22,2.18,107,53.5,35.66666667,17.83333333,2.177570093
Outside,BP,BPo,,,44,27,24,5,0.19,3.57,56,28,18.66666667,9.333333333,3.571428571
Outside,BP,BPo,,,45,42,38,12,0.29,2.83,92,46,30.66666667,15.33333333,2.826086957
Outside,BP,BPo,,,46,48,39,12,0.25,2.36,99,49.5,33,16.5,2.363636364
Outside,BP,BPo,,,47,58,45,14,0.24,2.48,117,58.5,39,19.5,2.478632479
Outside,BP,BPo,,,48,35,30,8,0.23,2.81,73,36.5,24.33333333,12.16666667,2.808219178
Outside,BP,BPo,,,49,48,32,13,0.27,0.48,93,46.5,31,15.5,0.4838709677
Outside,BP,BPo,,,50,55,31,12,0.22,1.97,98,49,32.66666667,16.33333333,1.969387755
Outside,BP,BPo,,,51,55,32,18,0.33,0.39,105,52.5,35,17.5,0.3904761905
Outside,BP,BPo,,,52,39,28,9,0.23,1.37,76,38,25.33333333,12.66666667,1.368421053
Outside,BP,BPo,,,53,55,37,14,0.25,0.92,106,53,35.33333333,17.66666667,0.9150943396
Outside,BP,BPo,,,54,27,23,7,0.26,1.58,57,28.5,19,9.5,1.578947368
Outside,BP,BPo,,,55,54,42,12,0.22,3.00,108,54,36,18,3
Outside,BP,BPo,,,56,45,29,11,0.24,0.87,85,42.5,28.33333333,14.16666667,0.8705882353
Outside,BP,BPo,,,57,65,48,17,0.26,1.51,130,65,43.33333333,21.66666667,1.507692308
Outside,BP,BPo,,,58,42,35,9,0.21,3.41,86,43,28.66666667,14.33333333,3.406976744
Outside,BP,BPo,,,59,51,36,12,0.24,1.55,99,49.5,33,16.5,1.545454545
Outside,BP,BPo,,,60,60,37,15,0.25,1.01,112,56,37.33333333,18.66666667,1.008928571
Outside,BP,BPo,,,61,47,40,11,0.23,3.47,98,49,32.66666667,16.33333333,3.469387755
Outside,BP,BPo,,,62,18,16,3,0.17,2.73,37,18.5,12.33333333,6.166666667,2.72972973
Outside,BP,BPo,,,63,45,31,13,0.29,0.29,89,44.5,29.66666667,14.83333333,0.2921348315
Outside,BP,BPo,,,64,41,29,9,0.22,1.65,79,39.5,26.33333333,13.16666667,1.64556962
Outside,BP,BPo,,,65,58,45,13,0.22,3.11,116,58,38.66666667,19.33333333,3.112068966
Outside,BP,BPo,,,66,69,38,15,0.22,2.62,122,61,40.66666667,20.33333333,2.62295082
Outside,BP,BPo,,,67,53,38,14,0.26,0.96,105,52.5,35,17.5,0.9619047619
Outside,BP,BPo,,,68,35,29,10,0.29,1.31,74,37,24.66666667,12.33333333,1.310810811
Outside,BP,BPo,,,69,51,35,14,0.27,0.53,100,50,33.33333333,16.66666667,0.53
Outside,BP,BPo,,,70,53,32,16,0.30,0.25,101,50.5,33.66666667,16.83333333,0.2475247525
Outside,BP,BPo,,,71,54,43,14,0.26,2.11,111,55.5,37,18.5,2.108108108
Outside,BP,BPo,,,72,52,37,11,0.21,2.41,100,50,33.33333333,16.66666667,2.41
Outside,BP,BPo,,,73,32,19,6,0.19,1.72,57,28.5,19,9.5,1.719298246
Outside,BP,BPo,,,74,42,32,10,0.24,1.71,84,42,28,14,1.714285714
Outside,BP,BPo,,,75,63,42,17,0.27,0.66,122,61,40.66666667,20.33333333,0.6557377049
Outside,BP,BPo,,,76,65,44,14,0.22,2.48,123,61.5,41,20.5,2.479674797
Outside,BP,BPo,,,77,51,38,16,0.31,0.43,105,52.5,35,17.5,0.4285714286
Outside,BP,BPo,,,78,29,24,7,0.24,1.73,60,30,20,10,1.733333333
Outside,BP,BPo,,,79,52,36,11,0.21,2.23,99,49.5,33,16.5,2.232323232
Outside,BP,BPo,,,80,46,35,10,0.22,2.48,91,45.5,30.33333333,15.16666667,2.483516484
Outside,BP,BPo,,,81,44,28,10,0.23,1.22,82,41,27.33333333,13.66666667,1.219512195
Outside,BP,BPo,,,82,54,34,12,0.22,1.64,100,50,33.33333333,16.66666667,1.64
Outside,BP,BPo,,,83,54,30,11,0.20,2.45,95,47.5,31.66666667,15.83333333,2.452631579
Outside,BP,BPo,,,84,52,37,11,0.21,2.41,100,50,33.33333333,16.66666667,2.41
Outside,BP,BPo,,,85,57,38,15,0.26,0.73,110,55,36.66666667,18.33333333,0.7272727273
Outside,BP,BPo,,,86,33,25,8,0.24,1.23,66,33,22,11,1.227272727
Outside,BP,BPo,,,87,47,35,11,0.23,1.83,93,46.5,31,15.5,1.827956989
Outside,BP,BPo,,,88,42,28,10,0.24,1.00,80,40,26.66666667,13.33333333,1
Outside,BP,BPo,,,89,53,33,12,0.23,1.48,98,49,32.66666667,16.33333333,1.479591837
Outside,BP,BPo,,,90,39,29,9,0.23,1.58,77,38.5,25.66666667,12.83333333,1.584415584
Outside,BP,BPo,,,91,28,19,6,0.21,1.09,53,26.5,17.66666667,8.833333333,1.094339623
Outside,BP,BPo,,,92,37,22,9,0.24,0.76,68,34,22.66666667,11.33333333,0.7647058824
Outside,BP,BPo,,,93,48,37,13,0.27,1.28,98,49,32.66666667,16.33333333,1.275510204
Outside,BP,BPo,,,94,53,38,12,0.23,1.99,103,51.5,34.33333333,17.16666667,1.990291262
Outside,BP,BPo,,,95,59,46,19,0.32,0.81,124,62,41.33333333,20.66666667,0.8064516129
Outside,BP,BPo,,,96,56,40,12,0.21,2.52,108,54,36,18,2.518518519
Inside,FB,FBi,,1,1,53,36,11,0.21,2.32,100,50,33.33333333,16.66666667,2.32
Inside,FB,FBi,,1,2,51,37,14,0.27,0.79,102,51,34,17,0.7941176471
Inside,FB,FBi,,1,3,57,41,14,0.25,1.54,112,56,37.33333333,18.66666667,1.544642857
Inside,FB,FBi,,1,4,61,45,14,0.23,2.44,120,60,40,20,2.441666667
Inside,FB,FBi,,1,5,40,26,9,0.23,1.19,75,37.5,25,12.5,1.186666667
Inside,FB,FBi,,1,6,47,38,13,0.28,1.63,98,49,32.66666667,16.33333333,1.632653061
Inside,FB,FBi,,1,7,39,34,10,0.26,2.66,83,41.5,27.66666667,13.83333333,2.662650602
Inside,FB,FBi,,1,8,53,34,11,0.21,2.12,98,49,32.66666667,16.33333333,2.12244898
Inside,FB,FBi,,1,9,43,32,10,0.23,1.71,85,42.5,28.33333333,14.16666667,1.705882353
Inside,FB,FBi,,1,10,66,49,16,0.24,2.21,131,65.5,43.66666667,21.83333333,2.213740458
Inside,FB,FBi,,1,11,33,27,12,0.36,0.63,72,36,24,12,0.625
Inside,FB,FBi,,1,12,33,31,9,0.27,2.99,73,36.5,24.33333333,12.16666667,2.98630137
Inside,FB,FBi,,1,13,44,36,10,0.23,2.89,90,45,30,15,2.888888889
Inside,FB,FBi,,1,14,52,41,11,0.21,3.47,104,52,34.66666667,17.33333333,3.471153846
Inside,FB,FBi,,1,15,34,32,13,0.38,1.99,79,39.5,26.33333333,13.16666667,1.987341772
Inside,FB,FBi,,1,16,51,37,13,0.25,1.21,101,50.5,33.66666667,16.83333333,1.207920792
Inside,FB,FBi,,1,17,34,24,10,0.29,0.24,68,34,22.66666667,11.33333333,0.2352941176
Inside,FB,FBi,,1,18,66,47,17,0.26,1.33,130,65,43.33333333,21.66666667,1.330769231
Inside,FB,FBi,,1,19,60,48,14,0.23,3.31,122,61,40.66666667,20.33333333,3.31147541
Inside,FB,FBi,,1,20,55,42,16,0.29,0.96,113,56.5,37.66666667,18.83333333,0.9646017699
Inside,FB,FBi,,1,21,63,49,13,0.21,4.24,125,62.5,41.66666667,20.83333333,4.24
Inside,FB,FBi,,1,22,64,38,16,0.25,1.15,118,59,39.33333333,19.66666667,1.152542373
Inside,FB,FBi,,1,23,35,28,9,0.26,1.44,72,36,24,12,1.444444444
Inside,FB,FBi,,1,24,76,52,16,0.21,3.22,144,72,48,24,3.222222222
Inside,FB,FBi,,1,25,51,35,16,0.31,0.09,102,51,34,17,0.08823529412
Inside,FB,FBi,,1,26,52,36,12,0.23,1.60,100,50,33.33333333,16.66666667,1.6
Inside,FB,FBi,,1,27,40,28,8,0.20,2.11,76,38,25.33333333,12.66666667,2.105263158
Inside,FB,FBi,,1,28,45,35,10,0.22,2.50,90,45,30,15,2.5
Inside,FB,FBi,,1,29,44,34,12,0.27,1.16,90,45,30,15,1.155555556
Inside,FB,FBi,,1,30,51,46,13,0.25,4.22,110,55,36.66666667,18.33333333,4.218181818
Inside,FB,FBi,,1,31,56,48,15,0.27,3.13,119,59.5,39.66666667,19.83333333,3.134453782
Inside,FB,FBi,,1,32,45,33,14,0.31,0.32,92,46,30.66666667,15.33333333,0.3152173913
Inside,FB,FBi,,2,33,59,49,14,0.24,3.75,122,61,40.66666667,20.33333333,3.745901639
Inside,FB,FBi,,2,34,62,34,11,0.18,4.05,107,53.5,35.66666667,17.83333333,4.046728972
Inside,FB,FBi,,2,35,46,33,10,0.22,2.00,89,44.5,29.66666667,14.83333333,2
Inside,FB,FBi,,2,36,67,39,18,0.27,0.88,124,62,41.33333333,20.66666667,0.8790322581
Inside,FB,FBi,,2,37,65,46,16,0.25,1.61,127,63.5,42.33333333,21.16666667,1.614173228
Inside,FB,FBi,,2,38,61,40,12,0.20,2.98,113,56.5,37.66666667,18.83333333,2.982300885
Inside,FB,FBi,,2,39,48,41,10,0.21,4.55,99,49.5,33,16.5,4.545454545
Inside,FB,FBi,,2,40,56,43,14,0.25,2.00,113,56.5,37.66666667,18.83333333,2
Inside,FB,FBi,,2,41,51,35,11,0.22,2.00,97,48.5,32.33333333,16.16666667,2
Inside,FB,FBi,,2,42,37,26,10,0.27,0.51,73,36.5,24.33333333,12.16666667,0.5068493151
Inside,FB,FBi,,2,43,58,44,14,0.24,2.21,116,58,38.66666667,19.33333333,2.206896552
Inside,FB,FBi,,2,44,70,48,16,0.23,2.18,134,67,44.66666667,22.33333333,2.179104478
Inside,FB,FBi,,2,45,60,37,14,0.23,1.46,111,55.5,37,18.5,1.459459459
Inside,FB,FBi,,2,46,70,35,14,0.20,4.12,119,59.5,39.66666667,19.83333333,4.117647059
Inside,FB,FBi,,2,47,49,38,11,0.22,2.61,98,49,32.66666667,16.33333333,2.612244898
Inside,FB,FBi,,2,48,53,44,14,0.26,2.53,111,55.5,37,18.5,2.531531532
Inside,FB,FBi,,2,49,35,31,10,0.29,2.07,76,38,25.33333333,12.66666667,2.065789474
Inside,FB,FBi,,2,50,51,38,12,0.24,1.95,101,50.5,33.66666667,16.83333333,1.95049505
Inside,FB,FBi,,2,51,38,42,11,0.29,6.87,91,45.5,30.33333333,15.16666667,6.868131868
Inside,FB,FBi,,2,52,36,26,9,0.25,0.92,71,35.5,23.66666667,11.83333333,0.9154929577
Inside,FB,FBi,,2,53,67,50,16,0.24,2.44,133,66.5,44.33333333,22.16666667,2.443609023
Inside,FB,FBi,,2,54,45,32,9,0.20,2.47,86,43,28.66666667,14.33333333,2.465116279
Inside,FB,FBi,,2,55,40,30,10,0.25,1.25,80,40,26.66666667,13.33333333,1.25
Inside,FB,FBi,,2,56,33,38,10,0.30,6.78,81,40.5,27,13.5,6.777777778
Inside,FB,FBi,,2,57,71,42,16,0.23,2.09,129,64.5,43,21.5,2.085271318
Inside,FB,FBi,,2,58,67,47,14,0.21,3.10,128,64,42.66666667,21.33333333,3.1015625
Inside,FB,FBi,,2,59,55,42,13,0.24,2.33,110,55,36.66666667,18.33333333,2.327272727
Inside,FB,FBi,,2,60,45,49,12,0.27,8.31,106,53,35.33333333,17.66666667,8.311320755
Inside,FB,FBi,,2,61,35,32,10,0.29,2.51,77,38.5,25.66666667,12.83333333,2.506493506
Inside,FB,FBi,,2,62,53,45,14,0.26,2.90,112,56,37.33333333,18.66666667,2.901785714
Inside,FB,FBi,,2,63,59,44,18,0.31,0.60,121,60.5,40.33333333,20.16666667,0.6033057851
Inside,FB,FBi,,2,64,32,26,7,0.22,2.23,65,32.5,21.66666667,10.83333333,2.230769231
Inside,FB,FBi,,3,65,39,42,14,0.36,5.11,95,47.5,31.66666667,15.83333333,5.105263158
Inside,FB,FBi,,3,66,51,41,15,0.29,1.36,107,53.5,35.66666667,17.83333333,1.364485981
Inside,FB,FBi,,3,67,33,25,7,0.21,1.88,65,32.5,21.66666667,10.83333333,1.876923077
Inside,FB,FBi,,3,68,31,28,8,0.26,2.52,67,33.5,22.33333333,11.16666667,2.52238806
Inside,FB,FBi,,3,69,50,43,12,0.24,3.68,105,52.5,35,17.5,3.676190476
Inside,FB,FBi,,3,70,43,33,9,0.21,2.66,85,42.5,28.33333333,14.16666667,2.658823529
Inside,FB,FBi,,3,71,46,30,8,0.17,3.10,84,42,28,14,3.095238095
Inside,FB,FBi,,3,72,45,32,8,0.18,3.31,85,42.5,28.33333333,14.16666667,3.305882353
Inside,FB,FBi,,3,73,39,31,9,0.23,2.15,79,39.5,26.33333333,13.16666667,2.151898734
Inside,FB,FBi,,3,74,39,29,7,0.18,3.12,75,37.5,25,12.5,3.12
Inside,FB,FBi,,3,75,39,31,10,0.26,1.56,80,40,26.66666667,13.33333333,1.5625
Inside,FB,FBi,,3,76,47,36,10,0.21,2.76,93,46.5,31,15.5,2.76344086
Inside,FB,FBi,,3,77,40,29,7,0.18,3.17,76,38,25.33333333,12.66666667,3.171052632
Inside,FB,FBi,,3,78,58,39,13,0.22,1.86,110,55,36.66666667,18.33333333,1.863636364
Inside,FB,FBi,,3,79,59,41,17,0.29,0.43,117,58.5,39,19.5,0.4273504274
Inside,FB,FBi,,3,80,66,51,18,0.27,1.73,135,67.5,45,22.5,1.733333333
Inside,FB,FBi,,3,81,45,37,10,0.22,3.18,92,46,30.66666667,15.33333333,3.184782609
Inside,FB,FBi,,3,82,70,41,18,0.26,1.13,129,64.5,43,21.5,1.131782946
Inside,FB,FBi,,3,83,34,25,12,0.35,0.14,71,35.5,23.66666667,11.83333333,0.1408450704
Inside,FB,FBi,,3,84,37,32,11,0.30,1.70,80,40,26.66666667,13.33333333,1.7
Inside,FB,FBi,,3,85,36,34,11,0.31,2.78,81,40.5,27,13.5,2.777777778
Inside,FB,FBi,,3,86,59,49,11,0.19,6.13,119,59.5,39.66666667,19.83333333,6.134453782
Inside,FB,FBi,,3,87,32,22,7,0.22,1.20,61,30.5,20.33333333,10.16666667,1.196721311
Inside,FB,FBi,,3,88,38,30,9,0.24,1.88,77,38.5,25.66666667,12.83333333,1.883116883
Inside,FB,FBi,,3,89,30,28,8,0.27,2.73,66,33,22,11,2.727272727
Inside,FB,FBi,,3,90,42,26,12,0.29,0.25,80,40,26.66666667,13.33333333,0.25
Inside,FB,FBi,,3,91,65,54,17,0.26,3.21,136,68,45.33333333,22.66666667,3.205882353
Inside,FB,FBi,,3,92,55,40,14,0.25,1.33,109,54.5,36.33333333,18.16666667,1.330275229
Inside,FB,FBi,,3,93,45,32,9,0.20,2.47,86,43,28.66666667,14.33333333,2.465116279
Inside,FB,FBi,,3,94,40,29,11,0.28,0.61,80,40,26.66666667,13.33333333,0.6125
Inside,FB,FBi,,3,95,51,40,14,0.27,1.46,105,52.5,35,17.5,1.457142857
Inside,FB,FBi,,3,96,50,35,10,0.20,2.63,95,47.5,31.66666667,15.83333333,2.631578947
Outside,FB,FBo,,1,1,56,35,12,0.21,1.96,103,51.5,34.33333333,17.16666667,1.961165049
Outside,FB,FBo,,1,2,62,35,13,0.21,2.52,110,55,36.66666667,18.33333333,2.518181818
Outside,FB,FBo,,1,3,38,28,11,0.29,0.48,77,38.5,25.66666667,12.83333333,0.4805194805
Outside,FB,FBo,,1,4,40,27,9,0.23,1.28,76,38,25.33333333,12.66666667,1.276315789
Outside,FB,FBo,,1,5,43,33,8,0.19,3.49,84,42,28,14,3.488095238
Outside,FB,FBo,,1,6,43,33,11,0.26,1.40,87,43.5,29,14.5,1.402298851
Outside,FB,FBo,,1,7,45,29,11,0.24,0.87,85,42.5,28.33333333,14.16666667,0.8705882353
Outside,FB,FBo,,1,8,61,54,14,0.23,5.62,129,64.5,43,21.5,5.620155039
Outside,FB,FBo,,1,9,47,40,11,0.23,3.47,98,49,32.66666667,16.33333333,3.469387755
Outside,FB,FBo,,1,10,53,33,13,0.25,0.99,99,49.5,33,16.5,0.9898989899
Outside,FB,FBo,,1,11,54,35,14,0.26,0.72,103,51.5,34.33333333,17.16666667,0.7184466019
Outside,FB,FBo,,1,12,27,25,7,0.26,2.47,59,29.5,19.66666667,9.833333333,2.474576271
Outside,FB,FBo,,1,13,56,35,13,0.23,1.39,104,52,34.66666667,17.33333333,1.394230769
Outside,FB,FBo,,1,14,37,27,9,0.24,1.12,73,36.5,24.33333333,12.16666667,1.123287671
Outside,FB,FBo,,1,15,49,28,11,0.22,1.55,88,44,29.33333333,14.66666667,1.545454545
Outside,FB,FBo,,1,16,35,28,14,0.40,0.64,77,38.5,25.66666667,12.83333333,0.6363636364
Outside,FB,FBo,,1,17,36,29,8,0.22,2.33,73,36.5,24.33333333,12.16666667,2.328767123
Outside,FB,FBo,,1,18,39,28,8,0.21,2.04,75,37.5,25,12.5,2.04
Outside,FB,FBo,,1,19,54,39,12,0.22,2.23,105,52.5,35,17.5,2.228571429
Outside,FB,FBo,,1,20,27,15,6,0.22,0.94,48,24,16,8,0.9375
Outside,FB,FBo,,1,21,40,33,9,0.23,2.79,82,41,27.33333333,13.66666667,2.792682927
Outside,FB,FBo,,1,22,48,35,12,0.25,1.28,95,47.5,31.66666667,15.83333333,1.284210526
Outside,FB,FBo,,1,23,48,33,13,0.27,0.56,94,47,31.33333333,15.66666667,0.5638297872
Outside,FB,FBo,,1,24,38,29,10,0.26,1.06,77,38.5,25.66666667,12.83333333,1.064935065
Outside,FB,FBo,,1,25,57,37,14,0.25,1.08,108,54,36,18,1.083333333
Outside,FB,FBo,,1,26,52,36,13,0.25,1.08,101,50.5,33.66666667,16.83333333,1.079207921
Outside,FB,FBo,,1,27,32,29,9,0.28,2.24,70,35,23.33333333,11.66666667,2.242857143
Outside,FB,FBo,,1,28,40,29,10,0.25,1.04,79,39.5,26.33333333,13.16666667,1.037974684
Outside,FB,FBo,,1,29,61,47,14,0.23,2.96,122,61,40.66666667,20.33333333,2.959016393
Outside,FB,FBo,,1,30,38,33,10,0.26,2.40,81,40.5,27,13.5,2.395061728
Outside,FB,FBo,,1,31,52,45,14,0.27,3.05,111,55.5,37,18.5,3.045045045
Outside,FB,FBo,,1,32,55,35,15,0.27,0.48,105,52.5,35,17.5,0.4761904762
Outside,FB,FBo,,2,33,53,36,13,0.25,1.14,102,51,34,17,1.137254902
Outside,FB,FBo,,2,34,43,30,11,0.26,0.81,84,42,28,14,0.8095238095
Outside,FB,FBo,,2,35,36,23,11,0.31,0.07,70,35,23.33333333,11.66666667,0.07142857143
Outside,FB,FBo,,2,36,32,30,9,0.28,2.72,71,35.5,23.66666667,11.83333333,2.718309859
Outside,FB,FBo,,2,37,38,28,10,0.26,0.84,76,38,25.33333333,12.66666667,0.8421052632
Outside,FB,FBo,,2,38,68,46,16,0.24,1.78,130,65,43.33333333,21.66666667,1.784615385
Outside,FB,FBo,,2,39,35,26,9,0.26,0.91,70,35,23.33333333,11.66666667,0.9142857143
Outside,FB,FBo,,2,40,45,40,12,0.27,3.14,97,48.5,32.33333333,16.16666667,3.144329897
Outside,FB,FBo,,2,41,41,29,9,0.22,1.65,79,39.5,26.33333333,13.16666667,1.64556962
Outside,FB,FBo,,2,42,71,46,14,0.20,3.40,131,65.5,43.66666667,21.83333333,3.396946565
Outside,FB,FBo,,2,43,42,26,10,0.24,0.92,78,39,26,13,0.9230769231
Outside,FB,FBo,,2,44,29,24,8,0.28,1.20,61,30.5,20.33333333,10.16666667,1.196721311
Outside,FB,FBo,,2,45,30,24,7,0.23,1.66,61,30.5,20.33333333,10.16666667,1.655737705
Outside,FB,FBo,,2,46,41,30,10,0.24,1.25,81,40.5,27,13.5,1.24691358
Outside,FB,FBo,,2,47,34,31,9,0.26,2.77,74,37,24.66666667,12.33333333,2.77027027
Outside,FB,FBo,,2,48,59,40,15,0.25,1.02,114,57,38,19,1.01754386
Outside,FB,FBo,,2,49,52,36,14,0.27,0.67,102,51,34,17,0.6666666667
Outside,FB,FBo,,2,50,48,32,11,0.23,1.37,91,45.5,30.33333333,15.16666667,1.373626374
Outside,FB,FBo,,2,51,66,39,16,0.24,1.40,121,60.5,40.33333333,20.16666667,1.404958678
Outside,FB,FBo,,2,52,50,32,13,0.26,0.64,95,47.5,31.66666667,15.83333333,0.6421052632
Outside,FB,FBo,,2,53,48,30,11,0.23,1.27,89,44.5,29.66666667,14.83333333,1.269662921
Outside,FB,FBo,,2,54,33,27,9,0.27,1.30,69,34.5,23,11.5,1.304347826
Outside,FB,FBo,,2,55,55,38,10,0.18,3.62,103,51.5,34.33333333,17.16666667,3.621359223
Outside,FB,FBo,,2,56,41,31,9,0.22,2.10,81,40.5,27,13.5,2.098765432
Outside,FB,FBo,,2,57,30,22,7,0.23,1.10,59,29.5,19.66666667,9.833333333,1.101694915
Outside,FB,FBo,,2,58,27,22,6,0.22,1.84,55,27.5,18.33333333,9.166666667,1.836363636
Outside,FB,FBo,,2,59,44,34,10,0.23,2.23,88,44,29.33333333,14.66666667,2.227272727
Outside,FB,FBo,,2,60,72,43,16,0.22,2.21,131,65.5,43.66666667,21.83333333,2.213740458
Outside,FB,FBo,,2,61,40,25,10,0.25,0.67,75,37.5,25,12.5,0.6666666667
Outside,FB,FBo,,2,62,34,30,9,0.26,2.32,73,36.5,24.33333333,12.16666667,2.315068493
Outside,FB,FBo,,2,63,36,22,8,0.22,1.09,66,33,22,11,1.090909091
Outside,FB,FBo,,2,64,45,35,12,0.27,1.36,92,46,30.66666667,15.33333333,1.358695652
Outside,FB,FBo,,3,65,52,40,11,0.21,3.16,103,51.5,34.33333333,17.16666667,3.155339806
Outside,FB,FBo,,3,66,34,27,10,0.29,0.82,71,35.5,23.66666667,11.83333333,0.8169014085
Outside,FB,FBo,,3,67,51,32,15,0.29,0.20,98,49,32.66666667,16.33333333,0.2040816327
Outside,FB,FBo,,3,68,66,32,20,0.30,2.20,118,59,39.33333333,19.66666667,2.203389831
Outside,FB,FBo,,3,69,60,39,15,0.25,1.03,114,57,38,19,1.026315789
Outside,FB,FBo,,3,70,48,36,12,0.25,1.50,96,48,32,16,1.5
Outside,FB,FBo,,3,71,41,24,9,0.22,1.35,74,37,24.66666667,12.33333333,1.351351351
Outside,FB,FBo,,3,72,57,35,11,0.19,2.82,103,51.5,34.33333333,17.16666667,2.815533981
Outside,FB,FBo,,3,73,62,44,19,0.31,0.30,125,62.5,41.66666667,20.83333333,0.296
Outside,FB,FBo,,3,74,62,44,9,0.15,6.58,115,57.5,38.33333333,19.16666667,6.582608696
Outside,FB,FBo,,3,75,48,27,10,0.21,2.00,85,42.5,28.33333333,14.16666667,2
Outside,FB,FBo,,3,76,38,23,10,0.26,0.48,71,35.5,23.66666667,11.83333333,0.4788732394
Outside,FB,FBo,,3,77,42,28,13,0.31,0.06,83,41.5,27.66666667,13.83333333,0.06024096386
Outside,FB,FBo,,3,78,27,25,8,0.30,1.95,60,30,20,10,1.95
Outside,FB,FBo,,3,79,40,30,11,0.28,0.80,81,40.5,27,13.5,0.8024691358
Outside,FB,FBo,,3,80,51,41,12,0.24,2.82,104,52,34.66666667,17.33333333,2.817307692
Outside,FB,FBo,,3,81,44,33,21,0.48,1.85,98,49,32.66666667,16.33333333,1.846938776
Outside,FB,FBo,,3,82,46,39,14,0.30,1.72,99,49.5,33,16.5,1.717171717
Outside,FB,FBo,,3,83,40,28,12,0.30,0.20,80,40,26.66666667,13.33333333,0.2
Outside,FB,FBo,,3,84,29,19,8,0.28,0.23,56,28,18.66666667,9.333333333,0.2321428571
Outside,FB,FBo,,3,85,55,39,13,0.24,1.66,107,53.5,35.66666667,17.83333333,1.663551402
Outside,FB,FBo,,3,86,53,35,15,0.28,0.33,103,51.5,34.33333333,17.16666667,0.3300970874
Outside,FB,FBo,,3,87,35,31,11,0.31,1.69,77,38.5,25.66666667,12.83333333,1.688311688
Outside,FB,FBo,,3,88,40,32,15,0.38,0.61,87,43.5,29,14.5,0.6091954023
Outside,FB,FBo,,3,89,44,27,11,0.25,0.74,82,41,27.33333333,13.66666667,0.743902439
Outside,FB,FBo,,3,90,40,27,10,0.25,0.75,77,38.5,25.66666667,12.83333333,0.7532467532
Outside,FB,FBo,,3,91,54,34,13,0.24,1.12,101,50.5,33.66666667,16.83333333,1.118811881
Outside,FB,FBo,,3,92,32,25,9,0.28,0.80,66,33,22,11,0.803030303
Outside,FB,FBo,,3,93,51,35,17,0.33,0.02,103,51.5,34.33333333,17.16666667,0.01941747573
Outside,FB,FBo,,3,94,43,33,11,0.26,1.40,87,43.5,29,14.5,1.402298851
Outside,FB,FBo,,3,95,45,32,12,0.27,0.73,89,44.5,29.66666667,14.83333333,0.7303370787
Outside,FB,FBo,,3,96,45,35,13,0.29,0.97,93,46.5,31,15.5,0.9677419355
Inside,FC,FCi,1,A,1,55,42,11,0.20,3.74,108,54,36,18,3.740740741
Inside,FC,FCi,1,A,2,60,36,12,0.20,2.67,108,54,36,18,2.666666667
Inside,FC,FCi,1,A,3,63,42,13,0.21,2.71,118,59,39.33333333,19.66666667,2.711864407
Inside,FC,FCi,1,A,4,75,43,16,0.21,2.81,134,67,44.66666667,22.33333333,2.813432836
Inside,FC,FCi,1,A,5,54,37,12,0.22,1.88,103,51.5,34.33333333,17.16666667,1.883495146
Inside,FC,FCi,1,A,6,43,33,11,0.26,1.40,87,43.5,29,14.5,1.402298851
Inside,FC,FCi,1,A,7,36,34,9,0.25,3.86,79,39.5,26.33333333,13.16666667,3.860759494
Inside,FC,FCi,1,A,8,52,41,14,0.27,1.66,107,53.5,35.66666667,17.83333333,1.663551402
Inside,FC,FCi,1,B,9,44,33,15,0.34,0.27,92,46,30.66666667,15.33333333,0.2717391304
Inside,FC,FCi,1,B,10,57,39,15,0.26,0.81,111,55.5,37,18.5,0.8108108108
Inside,FC,FCi,1,B,11,60,43,17,0.28,0.68,120,60,40,20,0.675
Inside,FC,FCi,1,B,12,59,37,12,0.20,2.49,108,54,36,18,2.490740741
Inside,FC,FCi,1,B,13,59,38,12,0.20,2.54,109,54.5,36.33333333,18.16666667,2.541284404
Inside,FC,FCi,1,B,14,60,45,16,0.27,1.40,121,60.5,40.33333333,20.16666667,1.404958678
Inside,FC,FCi,1,B,15,56,40,14,0.25,1.35,110,55,36.66666667,18.33333333,1.345454545
Inside,FC,FCi,1,B,16,40,25,11,0.28,0.33,76,38,25.33333333,12.66666667,0.3289473684
Inside,FC,FCi,1,C,17,42,30,11,0.26,0.78,83,41.5,27.66666667,13.83333333,0.7831325301
Inside,FC,FCi,1,C,18,61,54,18,0.30,3.35,133,66.5,44.33333333,22.16666667,3.345864662
Inside,FC,FCi,1,C,19,58,36,12,0.21,2.30,106,53,35.33333333,17.66666667,2.301886792
Inside,FC,FCi,1,C,20,65,42,15,0.23,1.70,122,61,40.66666667,20.33333333,1.704918033
Inside,FC,FCi,1,C,21,71,52,15,0.21,3.62,138,69,46,23,3.623188406
Inside,FC,FCi,1,C,22,38,34,9,0.24,3.47,81,40.5,27,13.5,3.469135802
Inside,FC,FCi,1,C,23,45,37,11,0.24,2.52,93,46.5,31,15.5,2.516129032
Inside,FC,FCi,1,C,24,40,29,10,0.25,1.04,79,39.5,26.33333333,13.16666667,1.037974684
Inside,FC,FCi,1,D,25,35,30,8,0.23,2.81,73,36.5,24.33333333,12.16666667,2.808219178
Inside,FC,FCi,1,D,26,71,49,17,0.24,1.82,137,68.5,45.66666667,22.83333333,1.824817518
Inside,FC,FCi,1,D,27,66,45,18,0.27,0.70,129,64.5,43,21.5,0.6976744186
Inside,FC,FCi,1,D,28,36,30,9,0.25,2.04,75,37.5,25,12.5,2.04
Inside,FC,FCi,1,D,29,58,47,12,0.21,4.53,117,58.5,39,19.5,4.52991453
Inside,FC,FCi,1,D,30,59,32,11,0.19,3.49,102,51,34,17,3.490196078
Inside,FC,FCi,1,D,31,57,39,16,0.28,0.47,112,56,37.33333333,18.66666667,0.4732142857
Inside,FC,FCi,1,D,32,29,27,5,0.17,4.89,61,30.5,20.33333333,10.16666667,4.885245902
Inside,FC,FCi,2,A,33,41,30,10,0.24,1.25,81,40.5,27,13.5,1.24691358
Inside,FC,FCi,2,A,34,69,48,19,0.28,0.76,136,68,45.33333333,22.66666667,0.7647058824
Inside,FC,FCi,2,A,35,37,35,10,0.27,3.52,82,41,27.33333333,13.66666667,3.524390244
Inside,FC,FCi,2,A,36,56,37,14,0.25,0.99,107,53.5,35.66666667,17.83333333,0.9906542056
Inside,FC,FCi,2,A,37,59,43,14,0.24,1.97,116,58,38.66666667,19.33333333,1.974137931
Inside,FC,FCi,2,A,38,51,38,11,0.22,2.60,100,50,33.33333333,16.66666667,2.6
Inside,FC,FCi,2,A,39,43,35,10,0.23,2.60,88,44,29.33333333,14.66666667,2.602272727
Inside,FC,FCi,2,A,40,56,44,13,0.23,2.88,113,56.5,37.66666667,18.83333333,2.876106195
Inside,FC,FCi,2,B,41,71,48,15,0.21,2.90,134,67,44.66666667,22.33333333,2.895522388
Inside,FC,FCi,2,B,42,67,54,17,0.25,3.01,138,69,46,23,3.014492754
Inside,FC,FCi,2,B,43,38,23,7,0.18,2.13,68,34,22.66666667,11.33333333,2.132352941
Inside,FC,FCi,2,B,44,62,46,14,0.23,2.69,122,61,40.66666667,20.33333333,2.68852459
Inside,FC,FCi,2,B,45,59,42,13,0.22,2.39,114,57,38,19,2.385964912
Inside,FC,FCi,2,B,46,68,54,21,0.31,1.35,143,71.5,47.66666667,23.83333333,1.34965035
Inside,FC,FCi,2,B,47,48,41,11,0.23,3.77,100,50,33.33333333,16.66666667,3.77
Inside,FC,FCi,2,B,48,63,40,15,0.24,1.39,118,59,39.33333333,19.66666667,1.389830508
Inside,FC,FCi,2,C,49,41,30,9,0.22,1.85,80,40,26.66666667,13.33333333,1.85
Inside,FC,FCi,2,C,50,35,28,8,0.23,2.04,71,35.5,23.66666667,11.83333333,2.042253521
Inside,FC,FCi,2,C,51,33,22,7,0.21,1.29,62,31,20.66666667,10.33333333,1.290322581
Inside,FC,FCi,2,C,52,55,32,13,0.24,1.36,100,50,33.33333333,16.66666667,1.36
Inside,FC,FCi,2,C,53,52,47,12,0.23,5.21,111,55.5,37,18.5,5.207207207
Inside,FC,FCi,2,C,54,65,46,16,0.25,1.61,127,63.5,42.33333333,21.16666667,1.614173228
Inside,FC,FCi,2,C,55,50,37,11,0.22,2.34,98,49,32.66666667,16.33333333,2.336734694
Inside,FC,FCi,2,C,56,52,34,11,0.21,1.99,97,48.5,32.33333333,16.16666667,1.989690722
Inside,FC,FCi,2,D,57,55,41,12,0.22,2.71,108,54,36,18,2.712962963
Inside,FC,FCi,2,D,58,50,34,10,0.20,2.47,94,47,31.33333333,15.66666667,2.468085106
Inside,FC,FCi,2,D,59,51,37,12,0.24,1.73,100,50,33.33333333,16.66666667,1.73
Inside,FC,FCi,2,D,60,57,36,15,0.26,0.67,108,54,36,18,0.6666666667
Inside,FC,FCi,2,D,61,68,49,20,0.29,0.60,137,68.5,45.66666667,22.83333333,0.598540146
Inside,FC,FCi,2,D,62,64,45,18,0.28,0.65,127,63.5,42.33333333,21.16666667,0.6456692913
Inside,FC,FCi,2,D,63,57,33,10,0.18,3.65,100,50,33.33333333,16.66666667,3.65
Inside,FC,FCi,2,D,64,46,34,11,0.24,1.59,91,45.5,30.33333333,15.16666667,1.593406593
Inside,FC,FCi,3,A,65,46,32,11,0.24,1.22,89,44.5,29.66666667,14.83333333,1.224719101
Inside,FC,FCi,3,A,66,43,35,11,0.26,2.00,89,44.5,29.66666667,14.83333333,2
Inside,FC,FCi,3,A,67,41,32,12,0.29,0.86,85,42.5,28.33333333,14.16666667,0.8588235294
Inside,FC,FCi,3,A,68,61,42,15,0.25,1.36,118,59,39.33333333,19.66666667,1.355932203
Inside,FC,FCi,3,A,69,65,41,17,0.26,0.80,123,61.5,41,20.5,0.7967479675
Inside,FC,FCi,3,A,70,54,35,14,0.26,0.72,103,51.5,34.33333333,17.16666667,0.7184466019
Inside,FC,FCi,3,A,71,66,37,13,0.20,3.25,116,58,38.66666667,19.33333333,3.25
Inside,FC,FCi,3,A,72,37,27,8,0.22,1.74,72,36,24,12,1.736111111
Inside,FC,FCi,3,B,73,62,45,15,0.24,1.88,122,61,40.66666667,20.33333333,1.87704918
Inside,FC,FCi,3,B,74,50,33,10,0.20,2.34,93,46.5,31,15.5,2.344086022
Inside,FC,FCi,3,B,75,64,41,14,0.22,2.10,119,59.5,39.66666667,19.83333333,2.100840336
Inside,FC,FCi,3,B,76,57,50,16,0.28,3.29,123,61.5,41,20.5,3.292682927
Inside,FC,FCi,3,B,77,57,42,14,0.25,1.74,113,56.5,37.66666667,18.83333333,1.743362832
Inside,FC,FCi,3,B,78,53,49,13,0.25,5.30,115,57.5,38.33333333,19.16666667,5.304347826
Inside,FC,FCi,3,B,79,53,47,13,0.25,4.34,113,56.5,37.66666667,18.83333333,4.336283186
Inside,FC,FCi,3,B,80,50,41,12,0.24,2.89,103,51.5,34.33333333,17.16666667,2.893203883
Inside,FC,FCi,3,C,81,59,38,13,0.22,1.89,110,55,36.66666667,18.33333333,1.890909091
Inside,FC,FCi,3,C,82,47,33,12,0.26,0.92,92,46,30.66666667,15.33333333,0.9239130435
Inside,FC,FCi,3,C,83,80,53,19,0.24,1.90,152,76,50.66666667,25.33333333,1.901315789
Inside,FC,FCi,3,C,84,24,17,4,0.17,2.00,45,22.5,15,7.5,2
Inside,FC,FCi,3,C,85,40,29,10,0.25,1.04,79,39.5,26.33333333,13.16666667,1.037974684
Inside,FC,FCi,3,C,86,57,46,14,0.25,2.85,117,58.5,39,19.5,2.846153846
Inside,FC,FCi,3,C,87,49,41,12,0.24,2.99,102,51,34,17,2.990196078
Inside,FC,FCi,3,C,88,51,40,14,0.27,1.46,105,52.5,35,17.5,1.457142857
Inside,FC,FCi,3,D,89,46,39,13,0.28,2.09,98,49,32.66666667,16.33333333,2.091836735
Inside,FC,FCi,3,D,90,56,38,13,0.23,1.58,107,53.5,35.66666667,17.83333333,1.579439252
Inside,FC,FCi,3,D,91,47,36,13,0.28,1.08,96,48,32,16,1.083333333
Inside,FC,FCi,3,D,92,42,30,10,0.24,1.27,82,41,27.33333333,13.66666667,1.268292683
Inside,FC,FCi,3,D,93,52,44,13,0.25,3.20,109,54.5,36.33333333,18.16666667,3.201834862
Inside,FC,FCi,3,D,94,47,32,14,0.30,0.18,93,46.5,31,15.5,0.1827956989
Inside,FC,FCi,3,D,95,60,44,13,0.22,2.85,117,58.5,39,19.5,2.846153846
Inside,FC,FCi,3,D,96,47,40,13,0.28,2.32,100,50,33.33333333,16.66666667,2.32
Outside,FC,FCo,1,A,1,38,33,9,0.24,3.01,80,40,26.66666667,13.33333333,3.0125
Outside,FC,FCo,1,A,2,62,41,12,0.19,3.22,115,57.5,38.33333333,19.16666667,3.217391304
Outside,FC,FCo,1,A,3,46,30,12,0.26,0.59,88,44,29.33333333,14.66666667,0.5909090909
Outside,FC,FCo,1,A,4,54,32,11,0.20,2.28,97,48.5,32.33333333,16.16666667,2.278350515
Outside,FC,FCo,1,A,5,45,35,12,0.27,1.36,92,46,30.66666667,15.33333333,1.358695652
Outside,FC,FCo,1,A,6,32,24,7,0.22,1.60,63,31.5,21,10.5,1.603174603
Outside,FC,FCo,1,A,7,50,37,13,0.26,1.21,100,50,33.33333333,16.66666667,1.21
Outside,FC,FCo,1,A,8,51,38,15,0.29,0.65,104,52,34.66666667,17.33333333,0.6538461538
Outside,FC,FCo,1,B,9,44,36,12,0.27,1.74,92,46,30.66666667,15.33333333,1.739130435
Outside,FC,FCo,1,B,10,48,39,13,0.27,1.85,100,50,33.33333333,16.66666667,1.85
Outside,FC,FCo,1,B,11,51,30,12,0.24,1.26,93,46.5,31,15.5,1.258064516
Outside,FC,FCo,1,B,12,47,36,11,0.23,2.09,94,47,31.33333333,15.66666667,2.085106383
Outside,FC,FCo,1,B,13,39,34,11,0.28,2.14,84,42,28,14,2.142857143
Outside,FC,FCo,1,B,14,57,36,14,0.25,1.06,107,53.5,35.66666667,17.83333333,1.056074766
Outside,FC,FCo,1,B,15,39,29,10,0.26,1.04,78,39,26,13,1.038461538
Outside,FC,FCo,1,B,16,33,22,11,0.33,0.00,66,33,22,11,0
Outside,FC,FCo,1,C,17,56,39,14,0.25,1.19,109,54.5,36.33333333,18.16666667,1.19266055
Outside,FC,FCo,1,C,18,38,24,10,0.26,0.44,72,36,24,12,0.4444444444
Outside,FC,FCo,1,C,19,39,26,9,0.23,1.08,74,37,24.66666667,12.33333333,1.081081081
Outside,FC,FCo,1,C,20,48,35,14,0.29,0.52,97,48.5,32.33333333,16.16666667,0.5154639175
Outside,FC,FCo,1,C,21,47,40,17,0.36,1.31,104,52,34.66666667,17.33333333,1.307692308
Outside,FC,FCo,1,C,22,52,35,14,0.27,0.57,101,50.5,33.66666667,16.83333333,0.5742574257
Outside,FC,FCo,1,C,23,54,41,13,0.24,2.08,108,54,36,18,2.083333333
Outside,FC,FCo,1,C,24,60,40,14,0.23,1.58,114,57,38,19,1.578947368
Outside,FC,FCo,1,D,25,75,47,18,0.24,1.58,140,70,46.66666667,23.33333333,1.578571429
Outside,FC,FCo,1,D,26,57,34,12,0.21,2.15,103,51.5,34.33333333,17.16666667,2.145631068
Outside,FC,FCo,1,D,27,47,27,12,0.26,0.85,86,43,28.66666667,14.33333333,0.8488372093
Outside,FC,FCo,1,D,28,43,30,10,0.23,1.31,83,41.5,27.66666667,13.83333333,1.313253012
Outside,FC,FCo,1,D,29,56,29,13,0.23,2.09,98,49,32.66666667,16.33333333,2.091836735
Outside,FC,FCo,1,D,30,48,36,13,0.27,1.04,97,48.5,32.33333333,16.16666667,1.041237113
Outside,FC,FCo,1,D,31,65,42,18,0.28,0.49,125,62.5,41.66666667,20.83333333,0.488
Outside,FC,FCo,1,D,32,61,30,12,0.20,3.85,103,51.5,34.33333333,17.16666667,3.854368932
Outside,FC,FCo,2,A,33,60,40,19,0.32,0.04,119,59.5,39.66666667,19.83333333,0.04201680672
Outside,FC,FCo,2,A,34,55,29,9,0.16,4.41,93,46.5,31,15.5,4.408602151
Outside,FC,FCo,2,A,35,41,30,11,0.27,0.78,82,41,27.33333333,13.66666667,0.7804878049
Outside,FC,FCo,2,A,36,55,34,12,0.22,1.79,101,50.5,33.66666667,16.83333333,1.792079208
Outside,FC,FCo,2,A,37,49,35,19,0.39,0.33,103,51.5,34.33333333,17.16666667,0.3300970874
Outside,FC,FCo,2,A,38,43,32,14,0.33,0.28,89,44.5,29.66666667,14.83333333,0.2808988764
Outside,FC,FCo,2,A,39,37,30,12,0.32,0.77,79,39.5,26.33333333,13.16666667,0.7721518987
Outside,FC,FCo,2,A,40,36,25,9,0.25,0.76,70,35,23.33333333,11.66666667,0.7571428571
Outside,FC,FCo,2,B,41,39,28,10,0.26,0.84,77,38.5,25.66666667,12.83333333,0.8441558442
Outside,FC,FCo,2,B,42,51,45,20,0.39,1.91,116,58,38.66666667,19.33333333,1.905172414
Outside,FC,FCo,2,B,43,47,35,15,0.32,0.35,97,48.5,32.33333333,16.16666667,0.3505154639
Outside,FC,FCo,2,B,44,50,40,14,0.28,1.54,104,52,34.66666667,17.33333333,1.538461538
Outside,FC,FCo,2,B,45,46,41,18,0.39,1.85,105,52.5,35,17.5,1.847619048
Outside,FC,FCo,2,B,46,62,37,15,0.24,1.31,114,57,38,19,1.307017544
Outside,FC,FCo,2,B,47,58,37,15,0.26,0.77,110,55,36.66666667,18.33333333,0.7727272727
Outside,FC,FCo,2,B,48,34,32,9,0.26,3.27,75,37.5,25,12.5,3.266666667
Outside,FC,FCo,2,C,49,44,30,12,0.27,0.47,86,43,28.66666667,14.33333333,0.4651162791
Outside,FC,FCo,2,C,50,36,27,9,0.25,1.13,72,36,24,12,1.125
Outside,FC,FCo,2,C,51,52,30,13,0.25,1.02,95,47.5,31.66666667,15.83333333,1.021052632
Outside,FC,FCo,2,C,52,44,29,10,0.23,1.28,83,41.5,27.66666667,13.83333333,1.277108434
Outside,FC,FCo,2,C,53,47,35,10,0.21,2.49,92,46,30.66666667,15.33333333,2.489130435
Outside,FC,FCo,2,C,54,42,40,13,0.31,3.34,95,47.5,31.66666667,15.83333333,3.336842105
Outside,FC,FCo,2,C,55,42,30,10,0.24,1.27,82,41,27.33333333,13.66666667,1.268292683
Outside,FC,FCo,2,C,56,44,37,14,0.32,1.37,95,47.5,31.66666667,15.83333333,1.368421053
Outside,FC,FCo,2,D,57,70,39,16,0.23,2.19,125,62.5,41.66666667,20.83333333,2.192
Outside,FC,FCo,2,D,58,38,32,9,0.24,2.59,79,39.5,26.33333333,13.16666667,2.594936709
Outside,FC,FCo,2,D,59,32,25,8,0.25,1.26,65,32.5,21.66666667,10.83333333,1.261538462
Outside,FC,FCo,2,D,60,41,27,10,0.24,0.83,78,39,26,13,0.8333333333
Outside,FC,FCo,2,D,61,29,25,7,0.24,2.13,61,30.5,20.33333333,10.16666667,2.131147541
Outside,FC,FCo,2,D,62,45,35,13,0.29,0.97,93,46.5,31,15.5,0.9677419355
Outside,FC,FCo,2,D,63,34,25,9,0.26,0.72,68,34,22.66666667,11.33333333,0.7205882353
Outside,FC,FCo,2,D,64,64,40,14,0.22,2.07,118,59,39.33333333,19.66666667,2.06779661
Outside,FC,FCo,3,A,65,55,41,16,0.29,0.76,112,56,37.33333333,18.66666667,0.7589285714
Outside,FC,FCo,3,A,66,44,32,14,0.32,0.22,90,45,30,15,0.2222222222
Outside,FC,FCo,3,A,67,45,34,8,0.18,3.83,87,43.5,29,14.5,3.827586207
Outside,FC,FCo,3,A,68,53,29,11,0.21,2.34,93,46.5,31,15.5,2.344086022
Outside,FC,FCo,3,A,69,60,41,10,0.17,4.70,111,55.5,37,18.5,4.702702703
Outside,FC,FCo,3,A,70,51,40,14,0.27,1.46,105,52.5,35,17.5,1.457142857
Outside,FC,FCo,3,A,71,37,29,11,0.30,0.75,77,38.5,25.66666667,12.83333333,0.7532467532
Outside,FC,FCo,3,A,72,46,29,12,0.26,0.57,87,43.5,29,14.5,0.5747126437
Outside,FC,FCo,3,B,73,45,35,12,0.27,1.36,92,46,30.66666667,15.33333333,1.358695652
Outside,FC,FCo,3,B,74,43,29,10,0.23,1.18,82,41,27.33333333,13.66666667,1.182926829
Outside,FC,FCo,3,B,75,29,25,8,0.28,1.56,62,31,20.66666667,10.33333333,1.564516129
Outside,FC,FCo,3,B,76,27,22,10,0.37,0.49,59,29.5,19.66666667,9.833333333,0.4915254237
Outside,FC,FCo,3,B,77,63,36,21,0.33,0.60,120,60,40,20,0.6
Outside,FC,FCo,3,B,78,44,29,11,0.25,0.77,84,42,28,14,0.7738095238
Outside,FC,FCo,3,B,79,38,27,9,0.24,1.15,74,37,24.66666667,12.33333333,1.148648649
Outside,FC,FCo,3,B,80,29,20,7,0.24,0.71,56,28,18.66666667,9.333333333,0.7142857143
Outside,FC,FCo,3,C,81,65,43,9,0.14,6.79,117,58.5,39,19.5,6.786324786
Outside,FC,FCo,3,C,82,45,36,8,0.18,4.51,89,44.5,29.66666667,14.83333333,4.505617978
Outside,FC,FCo,3,C,83,51,39,12,0.24,2.21,102,51,34,17,2.205882353
Outside,FC,FCo,3,C,84,36,29,10,0.28,1.20,75,37.5,25,12.5,1.2
Outside,FC,FCo,3,C,85,44,32,15,0.34,0.14,91,45.5,30.33333333,15.16666667,0.1428571429
Outside,FC,FCo,3,C,86,39,27,10,0.26,0.70,76,38,25.33333333,12.66666667,0.6973684211
Outside,FC,FCo,3,C,87,62,45,19,0.31,0.42,126,63,42,21,0.4206349206
Outside,FC,FCo,3,C,88,44,32,11,0.25,1.16,87,43.5,29,14.5,1.16091954
Outside,FC,FCo,3,D,89,49,33,14,0.29,0.30,96,48,32,16,0.3020833333
Outside,FC,FCo,3,D,90,43,28,13,0.30,0.10,84,42,28,14,0.09523809524
Outside,FC,FCo,3,D,91,41,29,10,0.24,1.06,80,40,26.66666667,13.33333333,1.0625
Outside,FC,FCo,3,D,92,50,35,13,0.26,0.87,98,49,32.66666667,16.33333333,0.8673469388
Outside,FC,FCo,3,D,93,36,29,9,0.25,1.69,74,37,24.66666667,12.33333333,1.689189189
Outside,FC,FCo,3,D,94,47,33,14,0.30,0.27,94,47,31.33333333,15.66666667,0.2659574468
Outside,FC,FCo,3,D,95,42,30,10,0.24,1.27,82,41,27.33333333,13.66666667,1.268292683
Outside,FC,FCo,3,D,96,32,26,9,0.28,1.09,67,33.5,22.33333333,11.16666667,1.089552239