Replicate,Location,Gear,Treatment,Cage,Bag,Oyster,Height,Length,Width,Cup.ratio,Shell.shape,Sum actual dimen.,3:2:1 exp. height,3:2:1 exp. length,3:2:1 exp. width,Chi-square
BPi,Inside,BP,BPi,,,1,74,50,20,0.27,0.81,144,72,48,24,0.8055555556
BPi,Inside,BP,BPi,,,2,83,66,21,0.25,3.48,170,85,56.66666667,28.33333333,3.482352941
BPi,Inside,BP,BPi,,,3,66,51,17,0.26,2.19,134,67,44.66666667,22.33333333,2.186567164
BPi,Inside,BP,BPi,,,4,66,51,21,0.32,0.85,138,69,46,23,0.847826087
BPi,Inside,BP,BPi,,,5,52,41,14,0.27,1.66,107,53.5,35.66666667,17.83333333,1.663551402
BPi,Inside,BP,BPi,,,6,70,49,16,0.23,2.33,135,67.5,45,22.5,2.325925926
BPi,Inside,BP,BPi,,,7,69,55,20,0.29,1.81,144,72,48,24,1.8125
BPi,Inside,BP,BPi,,,8,65,52,17,0.26,2.54,134,67,44.66666667,22.33333333,2.537313433
BPi,Inside,BP,BPi,,,9,65,57,18,0.28,3.86,140,70,46.66666667,23.33333333,3.864285714
BPi,Inside,BP,BPi,,,10,56,56,14,0.25,7.78,126,63,42,21,7.777777778
BPi,Inside,BP,BPi,,,11,78,52,20,0.26,1.20,150,75,50,25,1.2
BPi,Inside,BP,BPi,,,12,65,51,15,0.23,3.37,131,65.5,43.66666667,21.83333333,3.374045802
BPi,Inside,BP,BPi,,,13,80,62,21,0.26,2.51,163,81.5,54.33333333,27.16666667,2.509202454
BPi,Inside,BP,BPi,,,14,72,64,11,0.15,12.06,147,73.5,49,24.5,12.06122449
BPi,Inside,BP,BPi,,,15,65,59,16,0.25,5.92,140,70,46.66666667,23.33333333,5.921428571
BPi,Inside,BP,BPi,,,16,82,52,18,0.22,2.63,152,76,50.66666667,25.33333333,2.631578947
BPi,Inside,BP,BPi,,,17,62,45,18,0.29,0.66,125,62.5,41.66666667,20.83333333,0.656
BPi,Inside,BP,BPi,,,18,52,48,15,0.29,3.87,115,57.5,38.33333333,19.16666667,3.869565217
BPi,Inside,BP,BPi,,,19,57,45,15,0.26,2.00,117,58.5,39,19.5,2
BPi,Inside,BP,BPi,,,20,64,47,15,0.23,2.33,126,63,42,21,2.325396825
BPi,Inside,BP,BPi,,,21,79,51,18,0.23,2.20,148,74,49.33333333,24.66666667,2.195945946
BPi,Inside,BP,BPi,,,22,50,45,14,0.28,3.39,109,54.5,36.33333333,18.16666667,3.394495413
BPi,Inside,BP,BPi,,,23,76,60,20,0.26,2.67,156,78,52,26,2.666666667
BPi,Inside,BP,BPi,,,24,75,55,20,0.27,1.50,150,75,50,25,1.5
BPi,Inside,BP,BPi,,,25,61,44,15,0.25,1.67,120,60,40,20,1.666666667
BPi,Inside,BP,BPi,,,26,69,55,18,0.26,2.65,142,71,47.33333333,23.66666667,2.654929577
BPi,Inside,BP,BPi,,,27,73,47,14,0.19,3.77,134,67,44.66666667,22.33333333,3.768656716
BPi,Inside,BP,BPi,,,28,59,45,14,0.24,2.45,118,59,39.33333333,19.66666667,2.449152542
BPi,Inside,BP,BPi,,,29,74,52,18,0.24,1.89,144,72,48,24,1.888888889
BPi,Inside,BP,BPi,,,30,58,53,15,0.26,4.99,126,63,42,21,4.992063492
BPi,Inside,BP,BPi,,,31,62,36,14,0.23,1.86,112,56,37.33333333,18.66666667,1.857142857
BPi,Inside,BP,BPi,,,32,54,36,13,0.24,1.21,103,51.5,34.33333333,17.16666667,1.213592233
BPi,Inside,BP,BPi,,,33,49,43,14,0.29,2.73,106,53,35.33333333,17.66666667,2.726415094
BPi,Inside,BP,BPi,,,34,56,44,14,0.25,2.28,114,57,38,19,2.280701754
BPi,Inside,BP,BPi,,,35,69,46,17,0.25,1.36,132,66,44,22,1.363636364
BPi,Inside,BP,BPi,,,36,72,55,20,0.28,1.59,147,73.5,49,24.5,1.591836735
BPi,Inside,BP,BPi,,,37,58,52,16,0.28,3.97,126,63,42,21,3.968253968
BPi,Inside,BP,BPi,,,38,67,50,16,0.24,2.44,133,66.5,44.33333333,22.16666667,2.443609023
BPi,Inside,BP,BPi,,,39,53,47,14,0.26,3.73,114,57,38,19,3.728070175
BPi,Inside,BP,BPi,,,40,67,50,17,0.25,1.91,134,67,44.66666667,22.33333333,1.910447761
BPi,Inside,BP,BPi,,,41,65,44,16,0.25,1.35,125,62.5,41.66666667,20.83333333,1.352
BPi,Inside,BP,BPi,,,42,66,50,17,0.26,1.93,133,66.5,44.33333333,22.16666667,1.932330827
BPi,Inside,BP,BPi,,,43,68,57,17,0.25,3.98,142,71,47.33333333,23.66666667,3.978873239
BPi,Inside,BP,BPi,,,44,65,38,14,0.22,2.30,117,58.5,39,19.5,2.299145299
BPi,Inside,BP,BPi,,,45,62,52,17,0.27,2.85,131,65.5,43.66666667,21.83333333,2.847328244
BPi,Inside,BP,BPi,,,46,59,46,17,0.29,1.31,122,61,40.66666667,20.33333333,1.31147541
BPi,Inside,BP,BPi,,,47,55,41,13,0.24,2.07,109,54.5,36.33333333,18.16666667,2.073394495
BPi,Inside,BP,BPi,,,48,75,48,13,0.17,5.00,136,68,45.33333333,22.66666667,5
BPi,Inside,BP,BPi,,,49,81,56,17,0.21,3.56,154,77,51.33333333,25.66666667,3.558441558
BPi,Inside,BP,BPi,,,50,66,55,18,0.27,2.95,139,69.5,46.33333333,23.16666667,2.949640288
BPi,Inside,BP,BPi,,,51,65,56,20,0.31,2.67,141,70.5,47,23.5,2.673758865
BPi,Inside,BP,BPi,,,52,63,59,18,0.29,5.18,140,70,46.66666667,23.33333333,5.178571429
BPi,Inside,BP,BPi,,,53,53,40,16,0.30,0.67,109,54.5,36.33333333,18.16666667,0.6697247706
BPi,Inside,BP,BPi,,,54,60,52,16,0.27,3.63,128,64,42.66666667,21.33333333,3.625
BPi,Inside,BP,BPi,,,55,78,57,16,0.21,4.30,151,75.5,50.33333333,25.16666667,4.304635762
BPi,Inside,BP,BPi,,,56,62,52,22,0.35,1.53,136,68,45.33333333,22.66666667,1.529411765
BPi,Inside,BP,BPi,,,57,55,37,15,0.27,0.54,107,53.5,35.66666667,17.83333333,0.5420560748
BPi,Inside,BP,BPi,,,58,45,40,15,0.33,2.00,100,50,33.33333333,16.66666667,2
BPi,Inside,BP,BPi,,,59,57,43,13,0.23,2.57,113,56.5,37.66666667,18.83333333,2.566371681
BPi,Inside,BP,BPi,,,60,62,57,20,0.32,3.70,139,69.5,46.33333333,23.16666667,3.697841727
BPi,Inside,BP,BPi,,,61,68,53,16,0.24,3.23,137,68.5,45.66666667,22.83333333,3.226277372
BPi,Inside,BP,BPi,,,62,51,39,16,0.31,0.61,106,53,35.33333333,17.66666667,0.6132075472
BPi,Inside,BP,BPi,,,63,69,48,16,0.23,2.11,133,66.5,44.33333333,22.16666667,2.112781955
BPi,Inside,BP,BPi,,,64,58,57,16,0.28,6.49,131,65.5,43.66666667,21.83333333,6.488549618
BPi,Inside,BP,BPi,,,65,55,43,13,0.24,2.61,111,55.5,37,18.5,2.612612613
BPi,Inside,BP,BPi,,,66,55,46,14,0.25,3.03,115,57.5,38.33333333,19.16666667,3.034782609
BPi,Inside,BP,BPi,,,67,67,50,16,0.24,2.44,133,66.5,44.33333333,22.16666667,2.443609023
BPi,Inside,BP,BPi,,,68,56,56,15,0.27,7.09,127,63.5,42.33333333,21.16666667,7.094488189
BPi,Inside,BP,BPi,,,69,69,64,18,0.26,6.31,151,75.5,50.33333333,25.16666667,6.311258278
BPi,Inside,BP,BPi,,,70,88,52,21,0.24,2.02,161,80.5,53.66666667,26.83333333,2.01863354
BPo,Outside,BP,BPo,,,1,54,55,17,0.31,6.07,126,63,42,21,6.071428571
BPo,Outside,BP,BPo,,,2,59,52,17,0.29,3.31,128,64,42.66666667,21.33333333,3.3125
BPo,Outside,BP,BPo,,,3,63,56,16,0.25,4.87,135,67.5,45,22.5,4.866666667
BPo,Outside,BP,BPo,,,4,70,53,18,0.26,2.06,141,70.5,47,23.5,2.056737589
BPo,Outside,BP,BPo,,,5,55,50,18,0.33,2.97,123,61.5,41,20.5,2.967479675
BPo,Outside,BP,BPo,,,6,80,64,21,0.26,3.08,165,82.5,55,27.5,3.084848485
BPo,Outside,BP,BPo,,,7,68,57,16,0.24,4.61,141,70.5,47,23.5,4.609929078
BPo,Outside,BP,BPo,,,8,57,45,17,0.30,1.23,119,59.5,39.66666667,19.83333333,1.226890756
BPo,Outside,BP,BPo,,,9,49,47,14,0.29,4.59,110,55,36.66666667,18.33333333,4.590909091
BPo,Outside,BP,BPo,,,10,75,50,15,0.20,3.57,140,70,46.66666667,23.33333333,3.571428571
BPo,Outside,BP,BPo,,,11,77,57,17,0.22,3.56,151,75.5,50.33333333,25.16666667,3.562913907
BPo,Outside,BP,BPo,,,12,73,45,20,0.27,0.64,138,69,46,23,0.6449275362
BPo,Outside,BP,BPo,,,13,56,57,16,0.29,7.09,129,64.5,43,21.5,7.085271318
BPo,Outside,BP,BPo,,,14,75,49,17,0.23,2.17,141,70.5,47,23.5,2.170212766
BPo,Outside,BP,BPo,,,15,65,56,18,0.28,3.46,139,69.5,46.33333333,23.16666667,3.460431655
BPo,Outside,BP,BPo,,,16,44,44,15,0.34,4.09,103,51.5,34.33333333,17.16666667,4.087378641
BPo,Outside,BP,BPo,,,17,68,47,18,0.26,0.98,133,66.5,44.33333333,22.16666667,0.977443609
BPo,Outside,BP,BPo,,,18,54,46,14,0.26,3.16,114,57,38,19,3.157894737
BPo,Outside,BP,BPo,,,19,72,61,18,0.25,4.46,151,75.5,50.33333333,25.16666667,4.463576159
BPo,Outside,BP,BPo,,,20,62,52,15,0.24,3.95,129,64.5,43,21.5,3.945736434
BPo,Outside,BP,BPo,,,21,56,48,13,0.23,4.35,117,58.5,39,19.5,4.35042735
BPo,Outside,BP,BPo,,,22,66,50,16,0.24,2.45,132,66,44,22,2.454545455
BPo,Outside,BP,BPo,,,23,78,55,21,0.27,1.12,154,77,51.33333333,25.66666667,1.123376623
BPo,Outside,BP,BPo,,,24,56,46,16,0.29,1.97,118,59,39.33333333,19.66666667,1.966101695
BPo,Outside,BP,BPo,,,25,61,56,16,0.26,5.24,133,66.5,44.33333333,22.16666667,5.240601504
BPo,Outside,BP,BPo,,,26,69,56,20,0.29,2.10,145,72.5,48.33333333,24.16666667,2.103448276
BPo,Outside,BP,BPo,,,27,64,48,16,0.25,2.00,128,64,42.66666667,21.33333333,2
BPo,Outside,BP,BPo,,,28,65,59,18,0.28,4.74,142,71,47.33333333,23.66666667,4.73943662
BPo,Outside,BP,BPo,,,29,55,50,13,0.24,5.42,118,59,39.33333333,19.66666667,5.423728814
BPo,Outside,BP,BPo,,,30,62,58,18,0.29,4.93,138,69,46,23,4.927536232
BPo,Outside,BP,BPo,,,31,71,60,20,0.28,3.19,151,75.5,50.33333333,25.16666667,3.185430464
BPo,Outside,BP,BPo,,,32,64,59,19,0.30,4.49,142,71,47.33333333,23.66666667,4.485915493
BPo,Outside,BP,BPo,,,33,58,55,17,0.29,4.90,130,65,43.33333333,21.66666667,4.9
BPo,Outside,BP,BPo,,,34,67,58,17,0.25,4.51,142,71,47.33333333,23.66666667,4.507042254
BPo,Outside,BP,BPo,,,35,58,59,17,0.29,7.08,134,67,44.66666667,22.33333333,7.082089552
BPo,Outside,BP,BPo,,,36,65,53,18,0.28,2.39,136,68,45.33333333,22.66666667,2.389705882
BPo,Outside,BP,BPo,,,37,54,50,14,0.26,4.95,118,59,39.33333333,19.66666667,4.949152542
BPo,Outside,BP,BPo,,,38,65,48,17,0.26,1.51,130,65,43.33333333,21.66666667,1.507692308
BPo,Outside,BP,BPo,,,39,72,48,16,0.22,2.35,136,68,45.33333333,22.66666667,2.352941176
BPo,Outside,BP,BPo,,,40,65,50,15,0.23,3.08,130,65,43.33333333,21.66666667,3.076923077
BPo,Outside,BP,BPo,,,41,53,53,12,0.23,8.35,118,59,39.33333333,19.66666667,8.347457627
BPo,Outside,BP,BPo,,,42,53,50,15,0.28,4.61,118,59,39.33333333,19.66666667,4.610169492
BPo,Outside,BP,BPo,,,43,68,45,14,0.21,2.91,127,63.5,42.33333333,21.16666667,2.913385827
BPo,Outside,BP,BPo,,,44,59,50,16,0.27,2.98,125,62.5,41.66666667,20.83333333,2.984
BPo,Outside,BP,BPo,,,45,55,53,14,0.25,6.30,122,61,40.66666667,20.33333333,6.303278689
BPo,Outside,BP,BPo,,,46,65,54,17,0.26,3.21,136,68,45.33333333,22.66666667,3.205882353
BPo,Outside,BP,BPo,,,47,59,51,15,0.25,3.92,125,62.5,41.66666667,20.83333333,3.92
BPo,Outside,BP,BPo,,,48,72,46,21,0.29,0.29,139,69.5,46.33333333,23.16666667,0.2949640288
BPo,Outside,BP,BPo,,,49,57,48,13,0.23,4.24,118,59,39.33333333,19.66666667,4.237288136
BPo,Outside,BP,BPo,,,50,60,53,18,0.30,3.13,131,65.5,43.66666667,21.83333333,3.129770992
BPo,Outside,BP,BPo,,,51,65,57,19,0.29,3.42,141,70.5,47,23.5,3.418439716
BPo,Outside,BP,BPo,,,52,50,47,13,0.26,4.92,110,55,36.66666667,18.33333333,4.918181818
BPo,Outside,BP,BPo,,,53,51,50,14,0.27,5.68,115,57.5,38.33333333,19.16666667,5.67826087
BPo,Outside,BP,BPo,,,54,56,50,14,0.25,4.57,120,60,40,20,4.566666667
BPo,Outside,BP,BPo,,,55,53,49,14,0.26,4.66,116,58,38.66666667,19.33333333,4.663793103
BPo,Outside,BP,BPo,,,56,75,57,16,0.21,4.25,148,74,49.33333333,24.66666667,4.25
BPo,Outside,BP,BPo,,,57,66,55,17,0.26,3.46,138,69,46,23,3.456521739
BPo,Outside,BP,BPo,,,58,49,48,14,0.29,5.13,111,55.5,37,18.5,5.126126126
BPo,Outside,BP,BPo,,,59,56,45,14,0.25,2.59,115,57.5,38.33333333,19.16666667,2.591304348
BPo,Outside,BP,BPo,,,60,70,61,17,0.24,5.36,148,74,49.33333333,24.66666667,5.358108108
BPo,Outside,BP,BPo,,,61,55,44,18,0.33,0.97,117,58.5,39,19.5,0.9658119658
BPo,Outside,BP,BPo,,,62,59,57,15,0.25,6.85,131,65.5,43.66666667,21.83333333,6.854961832
BPo,Outside,BP,BPo,,,63,57,41,14,0.25,1.54,112,56,37.33333333,18.66666667,1.544642857
BPo,Outside,BP,BPo,,,64,55,47,14,0.25,3.42,116,58,38.66666667,19.33333333,3.422413793
BPo,Outside,BP,BPo,,,65,69,54,17,0.25,2.89,140,70,46.66666667,23.33333333,2.885714286
BPo,Outside,BP,BPo,,,66,49,35,13,0.27,0.85,97,48.5,32.33333333,16.16666667,0.8453608247
BPo,Outside,BP,BPo,,,67,47,33,15,0.32,0.11,95,47.5,31.66666667,15.83333333,0.1052631579
BPo,Outside,BP,BPo,,,68,50,45,13,0.26,3.94,108,54,36,18,3.935185185
BPo,Outside,BP,BPo,,,69,57,45,14,0.25,2.53,116,58,38.66666667,19.33333333,2.525862069
BPo,Outside,BP,BPo,,,70,50,48,14,0.28,4.86,112,56,37.33333333,18.66666667,4.857142857
BPo,Outside,BP,BPo,,,71,55,51,15,0.27,4.64,121,60.5,40.33333333,20.16666667,4.644628099
BPo,Outside,BP,BPo,,,72,63,49,14,0.22,3.50,126,63,42,21,3.5
BPo,Outside,BP,BPo,,,73,35,35,13,0.37,3.01,83,41.5,27.66666667,13.83333333,3.012048193
BPo,Outside,BP,BPo,,,74,43,41,12,0.28,4.05,96,48,32,16,4.052083333
BPo,Outside,BP,BPo,,,75,65,45,15,0.23,2.00,125,62.5,41.66666667,20.83333333,2
BPo,Outside,BP,BPo,,,76,65,58,11,0.17,9.79,134,67,44.66666667,22.33333333,9.791044776
BPo,Outside,BP,BPo,,,77,58,48,14,0.24,3.47,120,60,40,20,3.466666667
BPo,Outside,BP,BPo,,,78,47,47,16,0.34,4.37,110,55,36.66666667,18.33333333,4.372727273
BPo,Outside,BP,BPo,,,79,61,48,18,0.30,1.33,127,63.5,42.33333333,21.16666667,1.330708661
BPo,Outside,BP,BPo,,,80,69,49,20,0.29,0.59,138,69,46,23,0.5869565217
BPo,Outside,BP,BPo,,,81,70,43,17,0.24,1.39,130,65,43.33333333,21.66666667,1.392307692
BPo,Outside,BP,BPo,,,82,63,44,19,0.30,0.29,126,63,42,21,0.2857142857
BPo,Outside,BP,BPo,,,83,57,50,15,0.26,3.80,122,61,40.66666667,20.33333333,3.803278689
BPo,Outside,BP,BPo,,,84,64,54,20,0.31,2.14,138,69,46,23,2.144927536
BPo,Outside,BP,BPo,,,85,63,53,18,0.29,2.63,134,67,44.66666667,22.33333333,2.634328358
BPo,Outside,BP,BPo,,,86,65,45,13,0.20,3.33,123,61.5,41,20.5,3.333333333
BPo,Outside,BP,BPo,,,87,62,54,15,0.24,4.77,131,65.5,43.66666667,21.83333333,4.770992366
BPo,Outside,BP,BPo,,,88,45,42,13,0.29,3.56,100,50,33.33333333,16.66666667,3.56
BPo,Outside,BP,BPo,,,89,68,50,18,0.26,1.44,136,68,45.33333333,22.66666667,1.441176471
BPo,Outside,BP,BPo,,,90,50,45,15,0.30,2.95,110,55,36.66666667,18.33333333,2.954545455
BPo,Outside,BP,BPo,,,91,53,42,15,0.28,1.45,110,55,36.66666667,18.33333333,1.454545455
BPo,Outside,BP,BPo,,,92,50,37,14,0.28,0.81,101,50.5,33.66666667,16.83333333,0.8118811881
BPo,Outside,BP,BPo,,,93,55,41,14,0.25,1.54,110,55,36.66666667,18.33333333,1.536363636
BPo,Outside,BP,BPo,,,94,50,40,14,0.28,1.54,104,52,34.66666667,17.33333333,1.538461538
BPo,Outside,BP,BPo,,,95,54,48,17,0.31,2.66,119,59.5,39.66666667,19.83333333,2.663865546
BPo,Outside,BP,BPo,,,96,51,46,16,0.31,2.81,113,56.5,37.66666667,18.83333333,2.805309735
1,Inside,FB,FBi,,1,1,74,57,22,0.30,1.27,153,76.5,51,25.5,1.267973856
1,Inside,FB,FBi,,1,2,75,53,18,0.24,2.09,146,73,48.66666667,24.33333333,2.089041096
1,Inside,FB,FBi,,1,3,56,40,15,0.27,0.91,111,55.5,37,18.5,0.9099099099
1,Inside,FB,FBi,,1,4,75,52,18,0.24,1.94,145,72.5,48.33333333,24.16666667,1.937931034
1,Inside,FB,FBi,,1,5,80,51,18,0.23,2.32,149,74.5,49.66666667,24.83333333,2.322147651
1,Inside,FB,FBi,,1,6,67,41,15,0.22,1.97,123,61.5,41,20.5,1.967479675
1,Inside,FB,FBi,,1,7,70,48,18,0.26,1.18,136,68,45.33333333,22.66666667,1.176470588
1,Inside,FB,FBi,,1,8,49,32,11,0.22,1.48,92,46,30.66666667,15.33333333,1.47826087
1,Inside,FB,FBi,,1,9,66,50,16,0.24,2.45,132,66,44,22,2.454545455
1,Inside,FB,FBi,,1,10,75,49,19,0.25,1.19,143,71.5,47.66666667,23.83333333,1.188811189
1,Inside,FB,FBi,,1,11,75,55,18,0.24,2.47,148,74,49.33333333,24.66666667,2.466216216
1,Inside,FB,FBi,,1,12,88,56,20,0.23,2.44,164,82,54.66666667,27.33333333,2.43902439
1,Inside,FB,FBi,,1,13,63,54,15,0.24,4.64,132,66,44,22,4.636363636
1,Inside,FB,FBi,,1,14,85,58,19,0.22,2.86,162,81,54,27,2.864197531
1,Inside,FB,FBi,,1,15,73,62,19,0.26,4.16,154,77,51.33333333,25.66666667,4.155844156
1,Inside,FB,FBi,,1,16,68,49,16,0.24,2.24,133,66.5,44.33333333,22.16666667,2.240601504
1,Inside,FB,FBi,,1,17,52,38,11,0.21,2.62,101,50.5,33.66666667,16.83333333,2.623762376
1,Inside,FB,FBi,,1,18,55,44,17,0.31,1.17,116,58,38.66666667,19.33333333,1.172413793
1,Inside,FB,FBi,,1,19,78,45,15,0.19,3.98,138,69,46,23,3.97826087
1,Inside,FB,FBi,,1,20,80,51,18,0.23,2.32,149,74.5,49.66666667,24.83333333,2.322147651
1,Inside,FB,FBi,,1,21,55,45,17,0.31,1.45,117,58.5,39,19.5,1.452991453
1,Inside,FB,FBi,,1,22,65,50,19,0.29,1.19,134,67,44.66666667,22.33333333,1.194029851
1,Inside,FB,FBi,,1,23,73,49,20,0.27,0.68,142,71,47.33333333,23.66666667,0.6830985915
1,Inside,FB,FBi,,1,24,65,47,18,0.28,0.93,130,65,43.33333333,21.66666667,0.9307692308
1,Inside,FB,FBi,,1,25,59,55,10,0.17,10.17,124,62,41.33333333,20.66666667,10.16935484
1,Inside,FB,FBi,,1,26,96,35,17,0.18,13.09,148,74,49.33333333,24.66666667,13.08783784
1,Inside,FB,FBi,,1,27,79,55,18,0.23,2.61,152,76,50.66666667,25.33333333,2.611842105
1,Inside,FB,FBi,,1,28,71,50,14,0.20,3.95,135,67.5,45,22.5,3.948148148
1,Inside,FB,FBi,,1,29,68,42,18,0.26,0.78,128,64,42.66666667,21.33333333,0.78125
1,Inside,FB,FBi,,1,30,63,44,17,0.27,0.84,124,62,41.33333333,20.66666667,0.8387096774
1,Inside,FB,FBi,,1,31,69,58,15,0.22,5.63,142,71,47.33333333,23.66666667,5.633802817
1,Inside,FB,FBi,,1,32,40,30,10,0.25,1.25,80,40,26.66666667,13.33333333,1.25
2,Inside,FB,FBi,,2,33,80,55,20,0.25,1.61,155,77.5,51.66666667,25.83333333,1.612903226
2,Inside,FB,FBi,,2,34,69,47,16,0.23,1.98,132,66,44,22,1.977272727
2,Inside,FB,FBi,,2,35,61,49,14,0.23,3.59,124,62,41.33333333,20.66666667,3.588709677
2,Inside,FB,FBi,,2,36,65,49,18,0.28,1.31,132,66,44,22,1.310606061
2,Inside,FB,FBi,,2,37,70,50,17,0.24,1.93,137,68.5,45.66666667,22.83333333,1.934306569
2,Inside,FB,FBi,,2,38,71,50,16,0.23,2.55,137,68.5,45.66666667,22.83333333,2.547445255
2,Inside,FB,FBi,,2,39,81,57,20,0.25,1.93,158,79,52.66666667,26.33333333,1.930379747
2,Inside,FB,FBi,,2,40,55,45,15,0.27,2.17,115,57.5,38.33333333,19.16666667,2.173913043
2,Inside,FB,FBi,,2,41,72,58,22,0.31,1.71,152,76,50.66666667,25.33333333,1.710526316
2,Inside,FB,FBi,,2,42,61,49,16,0.26,2.42,126,63,42,21,2.420634921
2,Inside,FB,FBi,,2,43,72,50,20,0.28,0.73,142,71,47.33333333,23.66666667,0.7323943662
2,Inside,FB,FBi,,2,44,82,55,21,0.26,1.30,158,79,52.66666667,26.33333333,1.297468354
2,Inside,FB,FBi,,2,45,75,56,21,0.28,1.32,152,76,50.66666667,25.33333333,1.315789474
2,Inside,FB,FBi,,2,46,66,37,15,0.23,2.08,118,59,39.33333333,19.66666667,2.076271186
2,Inside,FB,FBi,,2,47,58,46,13,0.22,3.43,117,58.5,39,19.5,3.427350427
2,Inside,FB,FBi,,2,48,55,48,16,0.29,2.83,119,59.5,39.66666667,19.83333333,2.831932773
2,Inside,FB,FBi,,2,49,62,45,16,0.26,1.38,123,61.5,41,20.5,1.382113821
2,Inside,FB,FBi,,2,50,83,52,21,0.25,1.28,156,78,52,26,1.282051282
2,Inside,FB,FBi,,2,51,68,49,15,0.22,2.86,132,66,44,22,2.856060606
2,Inside,FB,FBi,,2,52,55,48,14,0.25,3.84,117,58.5,39,19.5,3.837606838
2,Inside,FB,FBi,,2,53,65,56,15,0.23,5.24,136,68,45.33333333,22.66666667,5.235294118
2,Inside,FB,FBi,,2,54,72,58,18,0.25,3.38,148,74,49.33333333,24.66666667,3.378378378
2,Inside,FB,FBi,,2,55,50,43,18,0.36,1.53,111,55.5,37,18.5,1.531531532
2,Inside,FB,FBi,,2,56,69,49,17,0.25,1.73,135,67.5,45,22.5,1.733333333
2,Inside,FB,FBi,,2,57,66,42,17,0.26,0.90,125,62.5,41.66666667,20.83333333,0.904
2,Inside,FB,FBi,,2,58,73,58,16,0.22,4.61,147,73.5,49,24.5,4.605442177
2,Inside,FB,FBi,,2,59,61,42,17,0.28,0.57,120,60,40,20,0.5666666667
2,Inside,FB,FBi,,2,60,60,52,16,0.27,3.63,128,64,42.66666667,21.33333333,3.625
2,Inside,FB,FBi,,2,61,65,53,20,0.31,1.69,138,69,46,23,1.688405797
2,Inside,FB,FBi,,2,62,50,44,15,0.30,2.54,109,54.5,36.33333333,18.16666667,2.541284404
2,Inside,FB,FBi,,2,63,64,48,15,0.23,2.56,127,63.5,42.33333333,21.16666667,2.559055118
2,Inside,FB,FBi,,2,64,78,40,16,0.21,4.09,134,67,44.66666667,22.33333333,4.089552239
3,Inside,FB,FBi,,3,65,56,38,14,0.25,1.07,108,54,36,18,1.074074074
3,Inside,FB,FBi,,3,66,66,45,16,0.24,1.53,127,63.5,42.33333333,21.16666667,1.527559055
3,Inside,FB,FBi,,3,67,82,50,14,0.17,5.53,146,73,48.66666667,24.33333333,5.534246575
3,Inside,FB,FBi,,3,68,78,50,18,0.23,2.03,146,73,48.66666667,24.33333333,2.02739726
3,Inside,FB,FBi,,3,69,90,60,22,0.24,1.86,172,86,57.33333333,28.66666667,1.860465116
3,Inside,FB,FBi,,3,70,52,46,14,0.27,3.46,112,56,37.33333333,18.66666667,3.464285714
3,Inside,FB,FBi,,3,71,76,49,15,0.20,3.61,140,70,46.66666667,23.33333333,3.607142857
3,Inside,FB,FBi,,3,72,80,46,15,0.19,4.38,141,70.5,47,23.5,4.375886525
3,Inside,FB,FBi,,3,73,68,44,15,0.22,2.18,127,63.5,42.33333333,21.16666667,2.181102362
3,Inside,FB,FBi,,3,74,64,45,15,0.23,1.94,124,62,41.33333333,20.66666667,1.943548387
3,Inside,FB,FBi,,3,75,76,42,23,0.30,0.97,141,70.5,47,23.5,0.9716312057
3,Inside,FB,FBi,,3,76,72,46,18,0.25,1.21,136,68,45.33333333,22.66666667,1.205882353
3,Inside,FB,FBi,,3,77,85,56,18,0.21,3.28,159,79.5,53,26.5,3.27672956
3,Inside,FB,FBi,,3,78,60,39,15,0.25,1.03,114,57,38,19,1.026315789
3,Inside,FB,FBi,,3,79,59,46,14,0.24,2.73,119,59.5,39.66666667,19.83333333,2.731092437
3,Inside,FB,FBi,,3,80,60,48,15,0.25,2.71,123,61.5,41,20.5,2.707317073
3,Inside,FB,FBi,,3,81,70,49,20,0.29,0.59,139,69.5,46.33333333,23.16666667,0.5899280576
3,Inside,FB,FBi,,3,82,64,52,20,0.31,1.53,136,68,45.33333333,22.66666667,1.529411765
3,Inside,FB,FBi,,3,83,53,44,15,0.28,2.07,112,56,37.33333333,18.66666667,2.071428571
3,Inside,FB,FBi,,3,84,60,36,12,0.20,2.67,108,54,36,18,2.666666667
3,Inside,FB,FBi,,3,85,62,46,15,0.24,2.09,123,61.5,41,20.5,2.089430894
3,Inside,FB,FBi,,3,86,57,44,13,0.23,2.84,114,57,38,19,2.842105263
3,Inside,FB,FBi,,3,87,70,55,18,0.26,2.59,143,71.5,47.66666667,23.83333333,2.587412587
3,Inside,FB,FBi,,3,88,58,39,12,0.21,2.51,109,54.5,36.33333333,18.16666667,2.513761468
3,Inside,FB,FBi,,3,89,75,44,15,0.20,3.37,134,67,44.66666667,22.33333333,3.373134328
3,Inside,FB,FBi,,3,90,54,40,11,0.20,3.17,105,52.5,35,17.5,3.171428571
3,Inside,FB,FBi,,3,91,64,40,13,0.20,2.71,117,58.5,39,19.5,2.709401709
3,Inside,FB,FBi,,3,92,71,50,21,0.30,0.45,142,71,47.33333333,23.66666667,0.4507042254
3,Inside,FB,FBi,,3,93,49,38,10,0.20,3.35,97,48.5,32.33333333,16.16666667,3.350515464
3,Inside,FB,FBi,,3,94,46,36,10,0.22,2.78,92,46,30.66666667,15.33333333,2.782608696
3,Inside,FB,FBi,,3,95,65,50,17,0.26,1.97,132,66,44,22,1.96969697
3,Inside,FB,FBi,,3,96,65,47,16,0.25,1.79,128,64,42.66666667,21.33333333,1.7890625
1,Outside,FB,FBo,,1,1,90,60,18,0.20,4.29,168,84,56,28,4.285714286
1,Outside,FB,FBo,,1,2,53,43,12,0.23,3.38,108,54,36,18,3.37962963
1,Outside,FB,FBo,,1,3,49,36,14,0.29,0.66,99,49.5,33,16.5,0.6565656566
1,Outside,FB,FBo,,1,4,80,50,17,0.21,2.89,147,73.5,49,24.5,2.891156463
1,Outside,FB,FBo,,1,5,59,45,15,0.25,1.90,119,59.5,39.66666667,19.83333333,1.899159664
1,Outside,FB,FBo,,1,6,65,52,16,0.25,3.08,133,66.5,44.33333333,22.16666667,3.07518797
1,Outside,FB,FBo,,1,7,81,61,22,0.27,1.79,164,82,54.66666667,27.33333333,1.786585366
1,Outside,FB,FBo,,1,8,64,49,14,0.22,3.48,127,63.5,42.33333333,21.16666667,3.480314961
1,Outside,FB,FBo,,1,9,67,51,19,0.28,1.30,137,68.5,45.66666667,22.83333333,1.299270073
1,Outside,FB,FBo,,1,10,69,56,18,0.26,2.97,143,71.5,47.66666667,23.83333333,2.972027972
1,Outside,FB,FBo,,1,11,61,47,18,0.30,1.09,126,63,42,21,1.087301587
1,Outside,FB,FBo,,1,12,47,42,12,0.26,3.69,101,50.5,33.66666667,16.83333333,3.693069307
1,Outside,FB,FBo,,1,13,53,43,19,0.36,0.92,115,57.5,38.33333333,19.16666667,0.9217391304
1,Outside,FB,FBo,,1,14,58,47,15,0.26,2.54,120,60,40,20,2.541666667
1,Outside,FB,FBo,,1,15,47,47,14,0.30,5.16,108,54,36,18,5.157407407
1,Outside,FB,FBo,,1,16,60,51,18,0.30,2.37,129,64.5,43,21.5,2.372093023
1,Outside,FB,FBo,,1,17,72,60,20,0.28,3.05,152,76,50.66666667,25.33333333,3.052631579
1,Outside,FB,FBo,,1,18,78,48,20,0.26,1.12,146,73,48.66666667,24.33333333,1.123287671
1,Outside,FB,FBo,,1,19,66,48,18,0.27,1.09,132,66,44,22,1.090909091
1,Outside,FB,FBo,,1,20,73,57,18,0.25,3.01,148,74,49.33333333,24.66666667,3.006756757
1,Outside,FB,FBo,,1,21,58,44,13,0.22,2.83,115,57.5,38.33333333,19.16666667,2.826086957
1,Outside,FB,FBo,,1,22,57,44,17,0.30,0.98,118,59,39.33333333,19.66666667,0.9830508475
1,Outside,FB,FBo,,1,23,60,50,15,0.25,3.40,125,62.5,41.66666667,20.83333333,3.4
1,Outside,FB,FBo,,1,24,51,40,10,0.20,3.97,101,50.5,33.66666667,16.83333333,3.97029703
1,Outside,FB,FBo,,1,25,53,46,13,0.25,3.89,112,56,37.33333333,18.66666667,3.892857143
1,Outside,FB,FBo,,1,26,61,44,14,0.23,2.23,119,59.5,39.66666667,19.83333333,2.226890756
1,Outside,FB,FBo,,1,27,65,52,15,0.23,3.70,132,66,44,22,3.696969697
1,Outside,FB,FBo,,1,28,64,46,14,0.22,2.74,124,62,41.33333333,20.66666667,2.741935484
1,Outside,FB,FBo,,1,29,63,51,19,0.30,1.64,133,66.5,44.33333333,22.16666667,1.639097744
1,Outside,FB,FBo,,1,30,52,40,13,0.25,1.88,105,52.5,35,17.5,1.876190476
1,Outside,FB,FBo,,1,31,72,55,20,0.28,1.59,147,73.5,49,24.5,1.591836735
1,Outside,FB,FBo,,1,32,64,53,18,0.28,2.50,135,67.5,45,22.5,2.503703704
2,Outside,FB,FBo,,2,33,74,48,17,0.23,1.99,139,69.5,46.33333333,23.16666667,1.992805755
2,Outside,FB,FBo,,2,34,79,57,24,0.30,0.53,160,80,53.33333333,26.66666667,0.53125
2,Outside,FB,FBo,,2,35,70,50,21,0.30,0.46,141,70.5,47,23.5,0.4609929078
2,Outside,FB,FBo,,2,36,78,59,20,0.26,2.31,157,78.5,52.33333333,26.16666667,2.305732484
2,Outside,FB,FBo,,2,37,67,50,17,0.25,1.91,134,67,44.66666667,22.33333333,1.910447761
2,Outside,FB,FBo,,2,38,55,44,13,0.24,2.93,112,56,37.33333333,18.66666667,2.928571429
2,Outside,FB,FBo,,2,39,67,48,15,0.22,2.62,130,65,43.33333333,21.66666667,2.615384615
2,Outside,FB,FBo,,2,40,72,52,18,0.25,1.83,142,71,47.33333333,23.66666667,1.830985915
2,Outside,FB,FBo,,2,41,57,48,17,0.30,2.13,122,61,40.66666667,20.33333333,2.131147541
2,Outside,FB,FBo,,2,42,75,50,20,0.27,0.86,145,72.5,48.33333333,24.16666667,0.8620689655
2,Outside,FB,FBo,,2,43,65,53,15,0.23,4.05,133,66.5,44.33333333,22.16666667,4.045112782
2,Outside,FB,FBo,,2,44,67,60,16,0.24,6.05,143,71.5,47.66666667,23.83333333,6.048951049
2,Outside,FB,FBo,,2,45,60,48,14,0.23,3.31,122,61,40.66666667,20.33333333,3.31147541
2,Outside,FB,FBo,,2,46,72,52,20,0.28,1.00,144,72,48,24,1
2,Outside,FB,FBo,,2,47,70,59,13,0.19,7.70,142,71,47.33333333,23.66666667,7.697183099
2,Outside,FB,FBo,,2,48,58,45,14,0.24,2.48,117,58.5,39,19.5,2.478632479
2,Outside,FB,FBo,,2,49,54,46,14,0.26,3.16,114,57,38,19,3.157894737
2,Outside,FB,FBo,,2,50,57,42,13,0.23,2.32,112,56,37.33333333,18.66666667,2.321428571
2,Outside,FB,FBo,,2,51,47,40,15,0.32,1.61,102,51,34,17,1.607843137
2,Outside,FB,FBo,,2,52,48,37,12,0.25,1.75,97,48.5,32.33333333,16.16666667,1.75257732
2,Outside,FB,FBo,,2,53,57,46,13,0.23,3.48,116,58,38.66666667,19.33333333,3.482758621
2,Outside,FB,FBo,,2,54,68,51,12,0.18,5.76,131,65.5,43.66666667,21.83333333,5.755725191
2,Outside,FB,FBo,,2,55,79,59,22,0.28,1.43,160,80,53.33333333,26.66666667,1.43125
2,Outside,FB,FBo,,2,56,65,57,15,0.23,5.68,137,68.5,45.66666667,22.83333333,5.678832117
2,Outside,FB,FBo,,2,57,57,45,14,0.25,2.53,116,58,38.66666667,19.33333333,2.525862069
2,Outside,FB,FBo,,2,58,66,45,19,0.29,0.41,130,65,43.33333333,21.66666667,0.4076923077
2,Outside,FB,FBo,,2,59,80,52,22,0.28,0.65,154,77,51.33333333,25.66666667,0.6493506494
2,Outside,FB,FBo,,2,60,48,40,10,0.21,4.12,98,49,32.66666667,16.33333333,4.12244898
2,Outside,FB,FBo,,2,61,75,50,15,0.20,3.57,140,70,46.66666667,23.33333333,3.571428571
2,Outside,FB,FBo,,2,62,65,53,15,0.23,4.05,133,66.5,44.33333333,22.16666667,4.045112782
2,Outside,FB,FBo,,2,63,73,55,20,0.27,1.55,148,74,49.33333333,24.66666667,1.547297297
2,Outside,FB,FBo,,2,64,62,50,15,0.24,3.22,127,63.5,42.33333333,21.16666667,3.220472441
3,Outside,FB,FBo,,3,65,53,44,10,0.19,5.39,107,53.5,35.66666667,17.83333333,5.392523364
3,Outside,FB,FBo,,3,66,77,57,20,0.26,1.88,154,77,51.33333333,25.66666667,1.876623377
3,Outside,FB,FBo,,3,67,88,62,16,0.18,6.02,166,83,55.33333333,27.66666667,6.024096386
3,Outside,FB,FBo,,3,68,53,51,11,0.21,8.02,115,57.5,38.33333333,19.16666667,8.017391304
3,Outside,FB,FBo,,3,69,61,55,15,0.25,5.39,131,65.5,43.66666667,21.83333333,5.389312977
3,Outside,FB,FBo,,3,70,80,55,19,0.24,2.11,154,77,51.33333333,25.66666667,2.11038961
3,Outside,FB,FBo,,3,71,52,46,12,0.23,4.73,110,55,36.66666667,18.33333333,4.727272727
3,Outside,FB,FBo,,3,72,59,50,18,0.31,2.18,127,63.5,42.33333333,21.16666667,2.181102362
3,Outside,FB,FBo,,3,73,54,44,15,0.28,1.96,113,56.5,37.66666667,18.83333333,1.955752212
3,Outside,FB,FBo,,3,74,68,51,16,0.24,2.68,135,67.5,45,22.5,2.681481481
3,Outside,FB,FBo,,3,75,73,57,15,0.21,5.03,145,72.5,48.33333333,24.16666667,5.034482759
3,Outside,FB,FBo,,3,76,65,48,15,0.23,2.56,128,64,42.66666667,21.33333333,2.5625
3,Outside,FB,FBo,,3,77,65,50,18,0.28,1.54,133,66.5,44.33333333,22.16666667,1.541353383
3,Outside,FB,FBo,,3,78,58,49,15,0.26,3.25,122,61,40.66666667,20.33333333,3.254098361
3,Outside,FB,FBo,,3,79,84,62,22,0.26,1.93,168,84,56,28,1.928571429
3,Outside,FB,FBo,,3,80,70,52,16,0.23,2.93,138,69,46,23,2.927536232
3,Outside,FB,FBo,,3,81,65,58,14,0.22,6.93,137,68.5,45.66666667,22.83333333,6.927007299
3,Outside,FB,FBo,,3,82,74,44,16,0.22,2.54,134,67,44.66666667,22.33333333,2.537313433
3,Outside,FB,FBo,,3,83,65,40,15,0.23,1.67,120,60,40,20,1.666666667
3,Outside,FB,FBo,,3,84,75,52,20,0.27,1.04,147,73.5,49,24.5,1.040816327
3,Outside,FB,FBo,,3,85,58,52,18,0.31,3.13,128,64,42.66666667,21.33333333,3.125
3,Outside,FB,FBo,,3,86,79,48,21,0.27,0.92,148,74,49.33333333,24.66666667,0.9189189189
3,Outside,FB,FBo,,3,87,65,58,18,0.28,4.29,141,70.5,47,23.5,4.290780142
3,Outside,FB,FBo,,3,88,52,44,18,0.35,1.44,114,57,38,19,1.438596491
3,Outside,FB,FBo,,3,89,50,43,16,0.32,1.85,109,54.5,36.33333333,18.16666667,1.853211009
3,Outside,FB,FBo,,3,90,73,57,20,0.27,2.03,150,75,50,25,2.033333333
3,Outside,FB,FBo,,3,91,68,54,16,0.24,3.54,138,69,46,23,3.536231884
3,Outside,FB,FBo,,3,92,63,42,16,0.25,1.03,121,60.5,40.33333333,20.16666667,1.033057851
3,Outside,FB,FBo,,3,93,86,59,22,0.26,1.50,167,83.5,55.66666667,27.83333333,1.497005988
3,Outside,FB,FBo,,3,94,57,40,17,0.30,0.32,114,57,38,19,0.3157894737
3,Outside,FB,FBo,,3,95,64,52,17,0.27,2.62,133,66.5,44.33333333,22.16666667,2.62406015
3,Outside,FB,FBo,,3,96,59,49,18,0.31,1.85,126,63,42,21,1.849206349
1,Inside,FC,FCi,1,A,1,73,59,16,0.22,4.95,148,74,49.33333333,24.66666667,4.952702703
1,Inside,FC,FCi,1,A,2,56,48,15,0.27,3.13,119,59.5,39.66666667,19.83333333,3.134453782
1,Inside,FC,FCi,1,A,3,75,48,18,0.24,1.60,141,70.5,47,23.5,1.595744681
1,Inside,FC,FCi,1,A,4,61,60,16,0.26,7.36,137,68.5,45.66666667,22.83333333,7.364963504
1,Inside,FC,FCi,1,A,5,65,58,16,0.25,5.45,139,69.5,46.33333333,23.16666667,5.446043165
1,Inside,FC,FCi,1,A,6,51,44,14,0.27,2.80,109,54.5,36.33333333,18.16666667,2.798165138
1,Inside,FC,FCi,1,A,7,53,37,14,0.26,0.82,104,52,34.66666667,17.33333333,0.8173076923
1,Inside,FC,FCi,1,A,8,54,46,14,0.26,3.16,114,57,38,19,3.157894737
1,Inside,FC,FCi,1,B,9,87,60,24,0.28,0.89,171,85.5,57,28.5,0.8947368421
1,Inside,FC,FCi,1,B,10,54,45,16,0.30,1.90,115,57.5,38.33333333,19.16666667,1.895652174
1,Inside,FC,FCi,1,B,11,57,53,17,0.30,4.17,127,63.5,42.33333333,21.16666667,4.173228346
1,Inside,FC,FCi,1,B,12,79,60,20,0.25,2.52,159,79.5,53,26.5,2.522012579
1,Inside,FC,FCi,1,B,13,71,49,19,0.27,0.94,139,69.5,46.33333333,23.16666667,0.9352517986
1,Inside,FC,FCi,1,B,14,59,48,18,0.31,1.54,125,62.5,41.66666667,20.83333333,1.544
1,Inside,FC,FCi,1,B,15,68,54,18,0.26,2.43,140,70,46.66666667,23.33333333,2.428571429
1,Inside,FC,FCi,1,B,16,73,50,20,0.27,0.76,143,71.5,47.66666667,23.83333333,0.7622377622
1,Inside,FC,FCi,1,C,17,70,51,19,0.27,1.21,140,70,46.66666667,23.33333333,1.207142857
1,Inside,FC,FCi,1,C,18,84,57,20,0.24,2.10,161,80.5,53.66666667,26.83333333,2.099378882
1,Inside,FC,FCi,1,C,19,70,55,18,0.26,2.59,143,71.5,47.66666667,23.83333333,2.587412587
1,Inside,FC,FCi,1,C,20,65,53,18,0.28,2.39,136,68,45.33333333,22.66666667,2.389705882
1,Inside,FC,FCi,1,C,21,70,45,12,0.17,4.80,127,63.5,42.33333333,21.16666667,4.803149606
1,Inside,FC,FCi,1,C,22,70,55,20,0.29,1.72,145,72.5,48.33333333,24.16666667,1.724137931
1,Inside,FC,FCi,1,C,23,55,43,14,0.25,2.04,112,56,37.33333333,18.66666667,2.044642857
1,Inside,FC,FCi,1,C,24,71,56,18,0.25,2.82,145,72.5,48.33333333,24.16666667,2.820689655
1,Inside,FC,FCi,1,D,25,72,54,23,0.32,0.60,149,74.5,49.66666667,24.83333333,0.5973154362
1,Inside,FC,FCi,1,D,26,52,42,15,0.29,1.55,109,54.5,36.33333333,18.16666667,1.550458716
1,Inside,FC,FCi,1,D,27,76,54,20,0.26,1.33,150,75,50,25,1.333333333
1,Inside,FC,FCi,1,D,28,51,38,18,0.35,0.27,107,53.5,35.66666667,17.83333333,0.2710280374
1,Inside,FC,FCi,1,D,29,86,51,19,0.22,2.72,156,78,52,26,2.724358974
1,Inside,FC,FCi,1,D,30,54,42,15,0.28,1.38,111,55.5,37,18.5,1.378378378
1,Inside,FC,FCi,1,D,31,76,52,21,0.28,0.73,149,74.5,49.66666667,24.83333333,0.7315436242
1,Inside,FC,FCi,1,D,32,58,50,16,0.28,3.13,124,62,41.33333333,20.66666667,3.129032258
2,Inside,FC,FCi,2,A,33,71,48,20,0.28,0.53,139,69.5,46.33333333,23.16666667,0.5251798561
2,Inside,FC,FCi,2,A,34,62,53,16,0.26,3.74,131,65.5,43.66666667,21.83333333,3.740458015
2,Inside,FC,FCi,2,A,35,46,38,10,0.22,3.49,94,47,31.33333333,15.66666667,3.489361702
2,Inside,FC,FCi,2,A,36,52,45,12,0.23,4.28,109,54.5,36.33333333,18.16666667,4.275229358
2,Inside,FC,FCi,2,A,37,78,48,17,0.22,2.55,143,71.5,47.66666667,23.83333333,2.552447552
2,Inside,FC,FCi,2,A,38,54,43,11,0.20,4.08,108,54,36,18,4.083333333
2,Inside,FC,FCi,2,A,39,64,45,19,0.30,0.38,128,64,42.66666667,21.33333333,0.3828125
2,Inside,FC,FCi,2,A,40,65,42,16,0.25,1.21,123,61.5,41,20.5,1.211382114
2,Inside,FC,FCi,2,B,41,74,55,15,0.20,4.45,144,72,48,24,4.451388889
2,Inside,FC,FCi,2,B,42,72,60,18,0.25,4.08,150,75,50,25,4.08
2,Inside,FC,FCi,2,B,43,67,62,17,0.25,6.36,146,73,48.66666667,24.33333333,6.356164384
2,Inside,FC,FCi,2,B,44,77,56,21,0.27,1.27,154,77,51.33333333,25.66666667,1.272727273
2,Inside,FC,FCi,2,B,45,49,47,15,0.31,4.13,111,55.5,37,18.5,4.126126126
2,Inside,FC,FCi,2,B,46,49,44,11,0.22,5.00,104,52,34.66666667,17.33333333,5
2,Inside,FC,FCi,2,B,47,69,46,15,0.22,2.46,130,65,43.33333333,21.66666667,2.461538462
2,Inside,FC,FCi,2,B,48,49,43,14,0.29,2.73,106,53,35.33333333,17.66666667,2.726415094
2,Inside,FC,FCi,2,C,49,68,43,15,0.22,2.13,126,63,42,21,2.134920635
2,Inside,FC,FCi,2,C,50,53,42,15,0.28,1.45,110,55,36.66666667,18.33333333,1.454545455
2,Inside,FC,FCi,2,C,51,67,51,16,0.24,2.69,134,67,44.66666667,22.33333333,2.694029851
2,Inside,FC,FCi,2,C,52,61,45,15,0.25,1.87,121,60.5,40.33333333,20.16666667,1.867768595
2,Inside,FC,FCi,2,C,53,61,43,15,0.25,1.50,119,59.5,39.66666667,19.83333333,1.495798319
2,Inside,FC,FCi,2,C,54,69,47,17,0.25,1.46,133,66.5,44.33333333,22.16666667,1.458646617
2,Inside,FC,FCi,2,C,55,60,42,14,0.23,1.83,116,58,38.66666667,19.33333333,1.827586207
2,Inside,FC,FCi,2,C,56,54,45,15,0.28,2.29,114,57,38,19,2.289473684
2,Inside,FC,FCi,2,D,57,75,58,20,0.27,2.18,153,76.5,51,25.5,2.176470588
2,Inside,FC,FCi,2,D,58,88,59,19,0.22,3.26,166,83,55.33333333,27.66666667,3.259036145
2,Inside,FC,FCi,2,D,59,65,41,12,0.18,3.67,118,59,39.33333333,19.66666667,3.669491525
2,Inside,FC,FCi,2,D,60,60,50,15,0.25,3.40,125,62.5,41.66666667,20.83333333,3.4
2,Inside,FC,FCi,2,D,61,65,46,17,0.26,1.16,128,64,42.66666667,21.33333333,1.15625
2,Inside,FC,FCi,2,D,62,68,50,14,0.21,3.79,132,66,44,22,3.787878788
2,Inside,FC,FCi,2,D,63,63,50,15,0.24,3.16,128,64,42.66666667,21.33333333,3.15625
2,Inside,FC,FCi,2,D,64,73,52,21,0.29,0.68,146,73,48.66666667,24.33333333,0.6849315068
3,Inside,FC,FCi,3,A,65,74,44,19,0.26,1.15,137,68.5,45.66666667,22.83333333,1.145985401
3,Inside,FC,FCi,3,A,66,60,40,16,0.27,0.69,116,58,38.66666667,19.33333333,0.6896551724
3,Inside,FC,FCi,3,A,67,57,54,17,0.30,4.66,128,64,42.66666667,21.33333333,4.65625
3,Inside,FC,FCi,3,A,68,48,36,13,0.27,1.04,97,48.5,32.33333333,16.16666667,1.041237113
3,Inside,FC,FCi,3,A,69,83,59,19,0.23,2.89,161,80.5,53.66666667,26.83333333,2.894409938
3,Inside,FC,FCi,3,A,70,70,50,16,0.23,2.50,136,68,45.33333333,22.66666667,2.5
3,Inside,FC,FCi,3,A,71,65,42,14,0.22,2.29,121,60.5,40.33333333,20.16666667,2.289256198
3,Inside,FC,FCi,3,A,72,70,45,18,0.26,0.98,133,66.5,44.33333333,22.16666667,0.977443609
3,Inside,FC,FCi,3,B,73,68,46,20,0.29,0.30,134,67,44.66666667,22.33333333,0.2985074627
3,Inside,FC,FCi,3,B,74,72,52,18,0.25,1.83,142,71,47.33333333,23.66666667,1.830985915
3,Inside,FC,FCi,3,B,75,53,42,15,0.28,1.45,110,55,36.66666667,18.33333333,1.454545455
3,Inside,FC,FCi,3,B,76,61,49,19,0.31,1.32,129,64.5,43,21.5,1.317829457
3,Inside,FC,FCi,3,B,77,84,58,19,0.23,2.79,161,80.5,53.66666667,26.83333333,2.788819876
3,Inside,FC,FCi,3,B,78,80,45,16,0.20,3.76,141,70.5,47,23.5,3.758865248
3,Inside,FC,FCi,3,B,79,56,39,12,0.21,2.34,107,53.5,35.66666667,17.83333333,2.336448598
3,Inside,FC,FCi,3,B,80,55,45,13,0.24,3.27,113,56.5,37.66666667,18.83333333,3.274336283
3,Inside,FC,FCi,3,C,81,68,50,19,0.28,1.06,137,68.5,45.66666667,22.83333333,1.058394161
3,Inside,FC,FCi,3,C,82,82,55,20,0.24,1.75,157,78.5,52.33333333,26.16666667,1.74522293
3,Inside,FC,FCi,3,C,83,55,45,15,0.27,2.17,115,57.5,38.33333333,19.16666667,2.173913043
3,Inside,FC,FCi,3,C,84,74,50,15,0.20,3.46,139,69.5,46.33333333,23.16666667,3.460431655
3,Inside,FC,FCi,3,C,85,65,45,16,0.25,1.47,126,63,42,21,1.468253968
3,Inside,FC,FCi,3,C,86,62,45,15,0.24,1.88,122,61,40.66666667,20.33333333,1.87704918
3,Inside,FC,FCi,3,C,87,47,41,15,0.32,1.96,103,51.5,34.33333333,17.16666667,1.961165049
3,Inside,FC,FCi,3,C,88,62,40,15,0.24,1.27,117,58.5,39,19.5,1.273504274
3,Inside,FC,FCi,3,D,89,68,55,18,0.26,2.74,141,70.5,47,23.5,2.737588652
3,Inside,FC,FCi,3,D,90,53,33,12,0.23,1.48,98,49,32.66666667,16.33333333,1.479591837
3,Inside,FC,FCi,3,D,91,62,54,18,0.29,3.16,134,67,44.66666667,22.33333333,3.164179104
3,Inside,FC,FCi,3,D,92,66,52,12,0.18,6.06,130,65,43.33333333,21.66666667,6.061538462
3,Inside,FC,FCi,3,D,93,51,44,15,0.29,2.36,110,55,36.66666667,18.33333333,2.363636364
3,Inside,FC,FCi,3,D,94,60,48,16,0.27,2.19,124,62,41.33333333,20.66666667,2.193548387
3,Inside,FC,FCi,3,D,95,43,37,11,0.26,2.75,91,45.5,30.33333333,15.16666667,2.747252747
3,Inside,FC,FCi,3,D,96,76,56,16,0.21,4.00,148,74,49.33333333,24.66666667,4
1,Outside,FC,FCo,1,A,1,80,58,19,0.24,2.61,157,78.5,52.33333333,26.16666667,2.605095541
1,Outside,FC,FCo,1,A,2,65,52,14,0.22,4.40,131,65.5,43.66666667,21.83333333,4.404580153
1,Outside,FC,FCo,1,A,3,49,46,12,0.24,5.28,107,53.5,35.66666667,17.83333333,5.280373832
1,Outside,FC,FCo,1,A,4,64,50,17,0.27,2.02,131,65.5,43.66666667,21.83333333,2.022900763
1,Outside,FC,FCo,1,A,5,52,49,14,0.27,4.89,115,57.5,38.33333333,19.16666667,4.886956522
1,Outside,FC,FCo,1,A,6,51,46,13,0.25,4.22,110,55,36.66666667,18.33333333,4.218181818
1,Outside,FC,FCo,1,A,7,72,56,19,0.26,2.27,147,73.5,49,24.5,2.265306122
1,Outside,FC,FCo,1,A,8,51,48,14,0.27,4.61,113,56.5,37.66666667,18.83333333,4.610619469
1,Outside,FC,FCo,1,B,9,72,59,12,0.17,8.57,143,71.5,47.66666667,23.83333333,8.573426573
1,Outside,FC,FCo,1,B,10,61,52,17,0.28,2.98,130,65,43.33333333,21.66666667,2.984615385
1,Outside,FC,FCo,1,B,11,52,49,17,0.33,3.57,118,59,39.33333333,19.66666667,3.56779661
1,Outside,FC,FCo,1,B,12,72,60,16,0.22,5.41,148,74,49.33333333,24.66666667,5.405405405
1,Outside,FC,FCo,1,B,13,75,52,20,0.27,1.04,147,73.5,49,24.5,1.040816327
1,Outside,FC,FCo,1,B,14,90,62,16,0.18,6.21,168,84,56,28,6.214285714
1,Outside,FC,FCo,1,B,15,66,51,21,0.32,0.85,138,69,46,23,0.847826087
1,Outside,FC,FCo,1,B,16,65,49,15,0.23,2.81,129,64.5,43,21.5,2.80620155
1,Outside,FC,FCo,1,C,17,72,58,18,0.25,3.38,148,74,49.33333333,24.66666667,3.378378378
1,Outside,FC,FCo,1,C,18,52,47,16,0.31,3.01,115,57.5,38.33333333,19.16666667,3.008695652
1,Outside,FC,FCo,1,C,19,66,52,14,0.21,4.36,132,66,44,22,4.363636364
1,Outside,FC,FCo,1,C,20,49,45,13,0.27,4.13,107,53.5,35.66666667,17.83333333,4.130841121
1,Outside,FC,FCo,1,C,21,82,56,18,0.22,2.97,156,78,52,26,2.974358974
1,Outside,FC,FCo,1,C,22,66,50,20,0.30,0.85,136,68,45.33333333,22.66666667,0.8529411765
1,Outside,FC,FCo,1,C,23,58,49,17,0.29,2.33,124,62,41.33333333,20.66666667,2.330645161
1,Outside,FC,FCo,1,C,24,71,42,18,0.25,1.20,131,65.5,43.66666667,21.83333333,1.198473282
1,Outside,FC,FCo,1,D,25,71,50,20,0.28,0.72,141,70.5,47,23.5,0.7163120567
1,Outside,FC,FCo,1,D,26,69,51,16,0.23,2.68,136,68,45.33333333,22.66666667,2.683823529
1,Outside,FC,FCo,1,D,27,67,54,18,0.27,2.51,139,69.5,46.33333333,23.16666667,2.510791367
1,Outside,FC,FCo,1,D,28,57,50,14,0.25,4.40,121,60.5,40.33333333,20.16666667,4.404958678
1,Outside,FC,FCo,1,D,29,85,59,17,0.20,4.39,161,80.5,53.66666667,26.83333333,4.385093168
1,Outside,FC,FCo,1,D,30,51,50,16,0.31,4.69,117,58.5,39,19.5,4.692307692
1,Outside,FC,FCo,1,D,31,80,56,20,0.25,1.74,156,78,52,26,1.743589744
1,Outside,FC,FCo,1,D,32,72,61,20,0.28,3.41,153,76.5,51,25.5,3.411764706
2,Outside,FC,FCo,2,A,33,75,51,21,0.28,0.61,147,73.5,49,24.5,0.612244898
2,Outside,FC,FCo,2,A,34,78,49,14,0.18,4.72,141,70.5,47,23.5,4.723404255
2,Outside,FC,FCo,2,A,35,80,55,21,0.26,1.19,156,78,52,26,1.185897436
2,Outside,FC,FCo,2,A,36,68,50,17,0.25,1.90,135,67.5,45,22.5,1.903703704
2,Outside,FC,FCo,2,A,37,65,53,19,0.29,2.00,137,68.5,45.66666667,22.83333333,2
2,Outside,FC,FCo,2,A,38,87,52,20,0.23,2.32,159,79.5,53,26.5,2.320754717
2,Outside,FC,FCo,2,A,39,69,57,16,0.23,4.51,142,71,47.33333333,23.66666667,4.514084507
2,Outside,FC,FCo,2,A,40,56,50,17,0.30,3.07,123,61.5,41,20.5,3.06504065
2,Outside,FC,FCo,2,B,41,47,40,13,0.28,2.32,100,50,33.33333333,16.66666667,2.32
2,Outside,FC,FCo,2,B,42,89,57,20,0.22,2.61,166,83,55.33333333,27.66666667,2.608433735
2,Outside,FC,FCo,2,B,43,64,45,16,0.25,1.42,125,62.5,41.66666667,20.83333333,1.424
2,Outside,FC,FCo,2,B,44,63,53,17,0.27,3.08,133,66.5,44.33333333,22.16666667,3.082706767
2,Outside,FC,FCo,2,B,45,73,52,24,0.33,0.17,149,74.5,49.66666667,24.83333333,0.1677852349
2,Outside,FC,FCo,2,B,46,65,55,23,0.35,1.75,143,71.5,47.66666667,23.83333333,1.748251748
2,Outside,FC,FCo,2,B,47,67,55,16,0.24,3.95,138,69,46,23,3.949275362
2,Outside,FC,FCo,2,B,48,41,38,10,0.24,4.19,89,44.5,29.66666667,14.83333333,4.191011236
2,Outside,FC,FCo,2,C,49,52,48,16,0.31,3.45,116,58,38.66666667,19.33333333,3.448275862
2,Outside,FC,FCo,2,C,50,66,45,15,0.23,2.07,126,63,42,21,2.071428571
2,Outside,FC,FCo,2,C,51,65,47,20,0.31,0.40,132,66,44,22,0.4015151515
2,Outside,FC,FCo,2,C,52,76,49,23,0.30,0.17,148,74,49.33333333,24.66666667,0.1689189189
2,Outside,FC,FCo,2,C,53,62,46,16,0.26,1.58,124,62,41.33333333,20.66666667,1.580645161
2,Outside,FC,FCo,2,C,54,70,52,17,0.24,2.34,139,69.5,46.33333333,23.16666667,2.338129496
2,Outside,FC,FCo,2,C,55,55,43,14,0.25,2.04,112,56,37.33333333,18.66666667,2.044642857
2,Outside,FC,FCo,2,C,56,56,47,16,0.29,2.30,119,59.5,39.66666667,19.83333333,2.302521008
2,Outside,FC,FCo,2,D,57,68,51,12,0.18,5.76,131,65.5,43.66666667,21.83333333,5.755725191
2,Outside,FC,FCo,2,D,58,70,59,17,0.24,4.53,146,73,48.66666667,24.33333333,4.52739726
2,Outside,FC,FCo,2,D,59,73,53,21,0.29,0.83,147,73.5,49,24.5,0.8299319728
2,Outside,FC,FCo,2,D,60,55,52,16,0.29,4.63,123,61.5,41,20.5,4.62601626
2,Outside,FC,FCo,2,D,61,67,52,18,0.27,1.93,137,68.5,45.66666667,22.83333333,1.934306569
2,Outside,FC,FCo,2,D,62,70,47,15,0.21,2.67,132,66,44,22,2.674242424
2,Outside,FC,FCo,2,D,63,68,49,17,0.25,1.71,134,67,44.66666667,22.33333333,1.708955224
2,Outside,FC,FCo,2,D,64,63,51,15,0.24,3.49,129,64.5,43,21.5,3.488372093
3,Outside,FC,FCo,3,A,65,72,55,19,0.26,2.01,146,73,48.66666667,24.33333333,2.006849315
3,Outside,FC,FCo,3,A,66,69,57,20,0.29,2.42,146,73,48.66666667,24.33333333,2.417808219
3,Outside,FC,FCo,3,A,67,51,44,17,0.33,1.79,112,56,37.33333333,18.66666667,1.785714286
3,Outside,FC,FCo,3,A,68,58,47,14,0.24,3.11,119,59.5,39.66666667,19.83333333,3.109243697
3,Outside,FC,FCo,3,A,69,62,48,14,0.23,3.23,124,62,41.33333333,20.66666667,3.225806452
3,Outside,FC,FCo,3,A,70,53,41,14,0.26,1.60,108,54,36,18,1.601851852
3,Outside,FC,FCo,3,A,71,52,45,12,0.23,4.28,109,54.5,36.33333333,18.16666667,4.275229358
3,Outside,FC,FCo,3,A,72,55,51,15,0.27,4.64,121,60.5,40.33333333,20.16666667,4.644628099
3,Outside,FC,FCo,3,B,73,74,50,18,0.24,1.63,142,71,47.33333333,23.66666667,1.633802817
3,Outside,FC,FCo,3,B,74,48,46,13,0.27,4.87,107,53.5,35.66666667,17.83333333,4.869158879
3,Outside,FC,FCo,3,B,75,59,40,17,0.29,0.34,116,58,38.66666667,19.33333333,0.3448275862
3,Outside,FC,FCo,3,B,76,62,47,15,0.24,2.33,124,62,41.33333333,20.66666667,2.330645161
3,Outside,FC,FCo,3,B,77,56,53,16,0.29,4.88,125,62.5,41.66666667,20.83333333,4.88
3,Outside,FC,FCo,3,B,78,56,50,16,0.29,3.48,122,61,40.66666667,20.33333333,3.475409836
3,Outside,FC,FCo,3,B,79,67,57,17,0.25,4.10,141,70.5,47,23.5,4.09929078
3,Outside,FC,FCo,3,B,80,64,45,15,0.23,1.94,124,62,41.33333333,20.66666667,1.943548387
3,Outside,FC,FCo,3,C,81,42,34,10,0.24,2.33,86,43,28.66666667,14.33333333,2.325581395
3,Outside,FC,FCo,3,C,82,63,52,17,0.27,2.73,132,66,44,22,2.727272727
3,Outside,FC,FCo,3,C,83,60,51,16,0.27,3.23,127,63.5,42.33333333,21.16666667,3.228346457
3,Outside,FC,FCo,3,C,84,65,54,18,0.28,2.72,137,68.5,45.66666667,22.83333333,2.722627737
3,Outside,FC,FCo,3,C,85,51,44,18,0.35,1.64,113,56.5,37.66666667,18.83333333,1.637168142
3,Outside,FC,FCo,3,C,86,70,52,19,0.27,1.40,141,70.5,47,23.5,1.397163121
3,Outside,FC,FCo,3,C,87,61,45,16,0.26,1.39,122,61,40.66666667,20.33333333,1.385245902
3,Outside,FC,FCo,3,C,88,65,46,16,0.25,1.61,127,63.5,42.33333333,21.16666667,1.614173228
3,Outside,FC,FCo,3,D,89,73,60,17,0.23,4.61,150,75,50,25,4.613333333
3,Outside,FC,FCo,3,D,90,67,49,17,0.25,1.70,133,66.5,44.33333333,22.16666667,1.69924812
3,Outside,FC,FCo,3,D,91,68,60,16,0.24,5.89,144,72,48,24,5.888888889
3,Outside,FC,FCo,3,D,92,53,52,15,0.28,5.67,120,60,40,20,5.666666667
3,Outside,FC,FCo,3,D,93,83,61,22,0.27,1.74,166,83,55.33333333,27.66666667,1.740963855
3,Outside,FC,FCo,3,D,94,63,47,18,0.29,0.98,128,64,42.66666667,21.33333333,0.9765625
3,Outside,FC,FCo,3,D,95,77,52,23,0.30,0.26,152,76,50.66666667,25.33333333,0.2631578947
3,Outside,FC,FCo,3,D,96,53,45,15,0.28,2.42,113,56.5,37.66666667,18.83333333,2.424778761